Text,Date,Compound,Positive,Negative,Neutral,Tweets Ago
These medics ate Lego (and searched their üí©) to help little people who swallow things they shouldn't. https://t.co/bckBW17kSq,Wed Dec 05 17:01:08 +0000 2018,0.4019,0.137,0.863,0.0,1
"üì∫ From The ABC Murders to Les Mis√©rables, @BBC_Culture picks the programmes worth seeing this month.
üëâ‚Ä¶ https://t.co/0xPIPSbgDF",Wed Dec 05 14:00:19 +0000 2018,-0.4767,0.087,0.731,0.183,2
"RT @bbcthree: .@RuPaul‚Äôs Drag Race UK is coming soon to BBC Three.
 
Are you the UK‚Äôs next drag superstar? Apply to be on the show at https‚Ä¶",Wed Dec 05 13:11:01 +0000 2018,-0.4215,0.0,0.868,0.132,3
A Christmas gathering with a difference ‚ù§Ô∏è https://t.co/udTuDYEF2s,Wed Dec 05 13:04:02 +0000 2018,0.0,0.0,1.0,0.0,4
"‚ùå Don't step on money in Thailand
‚ùå No swimming costumes in the city in Barcelona
‚ùå Don't pee in the sea in Portuga‚Ä¶ https://t.co/m6BDFY39yh",Wed Dec 05 12:02:02 +0000 2018,-0.296,0.0,0.925,0.075,5
RT @bbcasiannetwork: ‚ÄúLife is too short ‚Äì it can be taken away in a second‚Äù ‚Äì Meet the women who are taking to the catwalk after cancer. ht‚Ä¶,Wed Dec 05 10:57:22 +0000 2018,-0.6597,0.0,0.845,0.155,6
"RT @bbcthree: Start your engines, @RuPaul's Drag Race UK is coming soon to BBC Three. https://t.co/7DkmvyFEd5",Wed Dec 05 10:18:13 +0000 2018,-0.2263,0.0,0.888,0.112,7
"""A little superstar""

This four-year-old girl called 999 when her mum started having a seizure. https://t.co/uHiehYI3V9",Wed Dec 05 09:01:06 +0000 2018,0.0,0.0,1.0,0.0,8
"üç≥ We‚Äôve all heard that healthier, fitter people don‚Äôt skip breakfast. 

But does that mean breakfast makes us healt‚Ä¶ https://t.co/ByeVRaWaSX",Wed Dec 05 08:02:02 +0000 2018,0.0,0.0,1.0,0.0,9
He's a VERY good boy ‚ù§Ô∏èüê∂https://t.co/ufcKE2tsv8,Wed Dec 05 07:16:03 +0000 2018,0.6028,0.495,0.505,0.0,10
"Actress, @JameelaJamil says airbrushing is a crime against women and should be illegal.
üëâ https://t.co/z8vpYw3jmi https://t.co/RVMhowxg9m",Tue Dec 04 20:09:06 +0000 2018,-0.7964,0.0,0.693,0.307,11
"What would a ""disabled version of Monopoly"" look like? 
@LostVoiceGuy has the answer... 
#LiveAtTheApollo https://t.co/5wL2vveiWy",Tue Dec 04 19:05:05 +0000 2018,0.3612,0.161,0.839,0.0,12
"Ever dreamt of living off grid, surrounded by the Atlantic Ocean, with a tractor for a company car? üöú

Well, this t‚Ä¶ https://t.co/1iyGqcTyjV",Tue Dec 04 17:58:04 +0000 2018,0.2732,0.095,0.905,0.0,13
üçΩ How eating local and cutting out beef can help save our planet. https://t.co/l9vRQOsL1C,Tue Dec 04 17:03:05 +0000 2018,0.6597,0.263,0.67,0.067,14
"RT @BBCOne: Your first New Year's resolution? Watch this. 

#Luther. Starts New Year's Day at 9pm on @BBCOne. https://t.co/MDDuEagbfO",Tue Dec 04 15:21:32 +0000 2018,0.0,0.0,1.0,0.0,15
"RT @cbbc: Could you be the BBC‚Äôs next big TV and film expert? üì∫üé•

üëâüëâ apply at https://t.co/aYYHSAz5GT 

#tv #television #film #movie @BBCFi‚Ä¶",Tue Dec 04 14:41:09 +0000 2018,0.0,0.0,1.0,0.0,16
A bank customer was tricked into transferring money by fraudsters who pretended to be responding to his angry Twitt‚Ä¶ https://t.co/1aykCCjWrR,Tue Dec 04 14:03:05 +0000 2018,-0.8074,0.0,0.658,0.342,17
Meet the 11-year-old girl saving Lagos from waste. https://t.co/2jzxpNYvuy,Tue Dec 04 13:06:03 +0000 2018,-0.4215,0.0,0.741,0.259,18
"Even before the internet, cats captured the cultural imagination. 
üìñüò∫ A new exhibition at the @BritishLibrary explo‚Ä¶ https://t.co/ma9xDTF9Ie",Tue Dec 04 12:03:06 +0000 2018,0.0,0.0,1.0,0.0,19
"RT @BBCOne: A warren of rabbits battle for freedom with all the world against them.

The British classic #WatershipDown gets a new adaptati‚Ä¶",Tue Dec 04 10:35:00 +0000 2018,0.3818,0.163,0.736,0.101,20
"üòÇ  If #EastEnders was set in the animal kingdom. 
(üîä Sound on) https://t.co/Ak684v3ANw",Sun Dec 02 18:56:02 +0000 2018,0.4404,0.184,0.725,0.092,21
"Toulouse-Lautrec was a trailblazer for the lithography movement in Paris, and one of the earliest victims of celebr‚Ä¶ https://t.co/HHW6jiRJEZ",Sun Dec 02 17:55:03 +0000 2018,-0.3182,0.0,0.881,0.119,22
"""Plastic is not that cheap. It comes at a price."" https://t.co/FD6xUHdrMa",Sun Dec 02 16:57:06 +0000 2018,0.0,0.0,1.0,0.0,23
"A woman whose disabling menstrual pain was dismissed as ""what happens to women"" says more needs to be done to diagn‚Ä¶ https://t.co/fufa5jF0Mz",Sun Dec 02 16:05:02 +0000 2018,-0.7506,0.0,0.748,0.252,24
Pope Francis charmed as small boy interrupts general audience... and just wait for the moment his sister appears. https://t.co/y3ba694wlb,Sun Dec 02 13:06:06 +0000 2018,0.1779,0.135,0.762,0.103,25
ü•ß This mince pie production line is getting us really excited for Christmas!! https://t.co/tTY2aBWFJV,Sun Dec 02 12:02:04 +0000 2018,0.5068,0.201,0.799,0.0,26
"The number of children women are having is continuing to decline, to a record low of 1.89, according to the @ONS.
üëâ‚Ä¶ https://t.co/esk6He68WV",Sun Dec 02 11:07:05 +0000 2018,-0.2023,0.056,0.855,0.09,27
"üéÅüéÑFrom Mrs Brown's Boys to Luther, the BBC has a bumper box of festive treats for you on #Christmas this year.
üëâ‚Ä¶ https://t.co/UL50EkOVDX",Sun Dec 02 10:07:02 +0000 2018,0.4588,0.125,0.875,0.0,28
"Get ready to fall in love with the 'painted wolves' of Zimbabwe in tonight's episode of #Dynasties on @BBCOne. 
üëâ‚Ä¶ https://t.co/AmL32jPMYQ",Sun Dec 02 10:06:11 +0000 2018,0.7717,0.261,0.739,0.0,29
"A Husky named Sinatra has returned home after remarkable 2,200-mile adventure across America. https://t.co/1pN7GuTJxI",Sun Dec 02 09:01:02 +0000 2018,0.7096,0.349,0.651,0.0,30
"üíå A boy who sent a birthday card to his dad ""in heaven"" received a touching letter from the Royal Mail to say it ha‚Ä¶ https://t.co/kZW0dHz6XV",Sat Dec 01 20:03:09 +0000 2018,0.8176,0.254,0.746,0.0,31
"Lions are just big kitty cats ü¶Å
#Dynasties https://t.co/OrqsCINsy7",Sat Dec 01 19:06:04 +0000 2018,0.0,0.0,1.0,0.0,32
"Coercive behaviour: How to tell if your partner's controlling you.
üëâ https://t.co/ZxMZ5Fy8d8 https://t.co/hESKnE9OBA",Sat Dec 01 17:54:03 +0000 2018,0.0,0.0,1.0,0.0,33
"Meet Mike - the magpie that says, ""Merry Christmas!"" üéÅüéÑüéÖ https://t.co/91Kj6og4QX",Sat Dec 01 16:56:01 +0000 2018,0.5848,0.296,0.704,0.0,34
"""It was the worst night of my entire life."" 

That's how Liz Carlson describes finding 145 whales beached and dying‚Ä¶ https://t.co/4v1UYCrVmR",Sat Dec 01 16:10:06 +0000 2018,-0.6249,0.0,0.83,0.17,35
"RT @BBCOne: With a hop, skip and a jump a new adaptation of the classic #WatershipDown comes to BBC One this Christmas starring James McAvo‚Ä¶",Sat Dec 01 16:09:16 +0000 2018,0.0,0.0,1.0,0.0,36
RT @bbcstrictly: It's Musicals Week! Tonight 7.05pm @BBCOne ü§ó#Strictly https://t.co/RkcEcrBd0S,Sat Dec 01 16:09:10 +0000 2018,0.0,0.0,1.0,0.0,37
"üë∂üë´ A 1990 study found that babies chose mums to do cleaning and childcare, not dads.

Will 2018 babies react differ‚Ä¶ https://t.co/5vu620aUy5",Sat Dec 01 15:06:04 +0000 2018,0.0,0.0,1.0,0.0,38
"""Highliners don't want adrenaline. It's a calm, peaceful state we're looking for."" 
(via @BBCThree) https://t.co/OjZs7E23nj",Sat Dec 01 15:03:05 +0000 2018,0.646,0.31,0.621,0.069,39
"The @WMO says there's a 75-80% chance of a weak El Ni√±o forming within three months.
üëâ https://t.co/e01a4zB3Nn https://t.co/ZJkjKaLZmf",Sat Dec 01 14:13:05 +0000 2018,-0.2263,0.087,0.786,0.127,40
"RT @bbcthree: *BRAND NEW KURUPT FM HEART MONITOR RIDDEM VIDEO*

Directed by Chabuddy G
Produced by Chabuddy G
Edited by Chabuddy G https://‚Ä¶",Wed Nov 28 12:30:58 +0000 2018,0.0,0.0,1.0,0.0,41
"Ghanaians take great pride in making coffins that reflect the life, dreams, passions and status of the dead. 

Meet‚Ä¶ https://t.co/z5dgV9dCEU",Wed Nov 28 12:02:05 +0000 2018,0.7964,0.391,0.473,0.136,42
RT @BBCOne: #Dynasties has given us some serious throwback memories to #TheLionKing ü¶Å https://t.co/4NXCFVI1S8,Wed Nov 28 09:37:07 +0000 2018,-0.0772,0.0,0.915,0.085,43
"If you or someone you know has been affected by the issues in this film, then organisations that may be able to hel‚Ä¶ https://t.co/7r2j59zp6Q",Wed Nov 28 09:28:12 +0000 2018,-0.1531,0.0,0.935,0.065,44
Depression doesn't discriminate. https://t.co/pLvBDyoJEk,Wed Nov 28 09:00:17 +0000 2018,-0.5719,0.0,0.448,0.552,45
"Deforestation of the Amazon rainforest in Brazil has hit its highest rate in a decade, according to official data.‚Ä¶ https://t.co/NFWMzDE5gR",Wed Nov 28 08:10:06 +0000 2018,0.1779,0.086,0.914,0.0,46
"Is the future of our food supply under water?

#OurBluePlanet w/ @oceanx + @motemarinelab https://t.co/979x7KRNBx",Wed Nov 28 07:16:05 +0000 2018,0.0,0.0,1.0,0.0,47
"What goes on Instagram vs the rest of my camera roll üò≥
#Dynasties https://t.co/hqqoNQRxZa",Tue Nov 27 19:56:04 +0000 2018,0.0,0.0,1.0,0.0,48
"It is NOT this turtle's day.
#Dynasties https://t.co/MYMwQgbCPx",Tue Nov 27 18:57:04 +0000 2018,0.0,0.0,1.0,0.0,49
üò≤ A small plane overshot its destination in Australia by almost 50km (30 miles) after its pilot fell asleep in the‚Ä¶ https://t.co/vBPLMlcoqs,Tue Nov 27 18:08:03 +0000 2018,0.3818,0.11,0.89,0.0,50
"RT @BBCEarth: Ladies, if he:

- never rings you first
- makes you do all the work
- never gets a hair cut
- hunts buffalo on the plains of‚Ä¶",Tue Nov 27 18:00:01 +0000 2018,0.2057,0.07,0.93,0.0,51
"""Touchdown confirmed""
High-fives and special handshakes after @NASA successfully lands InSight robot on #Mars.‚Ä¶ https://t.co/Y6XXTDrq24",Tue Nov 27 17:00:05 +0000 2018,0.7096,0.312,0.688,0.0,52
"RT @bbcweather: Here in the UK our days get 'longer' again in little under a monthüéâ

In Troms√∏ (Norway) however ...
- Only 28mins of daylig‚Ä¶",Tue Nov 27 14:58:06 +0000 2018,0.0,0.0,1.0,0.0,53
"‚ú®üöô 'If you could drive to the stars, you‚Äôd be there in an hour.'

7 seriously stellar space statistics.
üëâ‚Ä¶ https://t.co/XADs0vxh4X",Tue Nov 27 14:00:17 +0000 2018,-0.1779,0.0,0.918,0.082,54
"RT @BBCOne: Every family has secrets. 

It‚Äôs just that some secrets are bigger than others. 

#RuthWilson stars as her own grandmother in #‚Ä¶",Tue Nov 27 13:36:36 +0000 2018,0.0,0.0,1.0,0.0,55
"If you or someone you know has been affected by the issues in this film, then organisations that may be able to hel‚Ä¶ https://t.co/7V9yKXvIxm",Tue Nov 27 13:08:27 +0000 2018,-0.1531,0.0,0.935,0.065,56
"Abby and Lilly's dad Rick took his own life in 2014.

This summer camp helps the girls with their grief, and gives‚Ä¶ https://t.co/ZKNQYXsJND",Tue Nov 27 12:58:05 +0000 2018,-0.1531,0.097,0.784,0.119,57
"üåà Ever seen a rainbow swamp? 

Natural oils create a rainbow effect in First Landing State Park, Virginia, US.
üëâ‚Ä¶ https://t.co/70ntjfJUWx",Tue Nov 27 12:03:03 +0000 2018,0.5574,0.213,0.787,0.0,58
RT @bbcwritersroom: Mrs Wilson - Writing the story for the screen. We spoke to #screenwriter @AnnaSymon about creating the new #drama based‚Ä¶,Tue Nov 27 10:59:52 +0000 2018,0.296,0.099,0.901,0.0,59
RT @BBCBodyPositive: Our main man @HussainsHouse dropped an impromptu freestyle for us after his recent #AMA. He got lyrical around mental‚Ä¶,Tue Nov 27 10:57:43 +0000 2018,0.1779,0.078,0.922,0.0,60
"A KILLER surprise! üê≥
#Dynasties https://t.co/MLf6YcqgVR",Thu Nov 22 19:06:05 +0000 2018,-0.6399,0.184,0.35,0.466,61
"‚ù§Ô∏è It's not every day that you come across a man and his BFF (buffalo friend forever).
üëâ https://t.co/s5oscIpiUf https://t.co/3FnxLwltOA",Thu Nov 22 17:56:07 +0000 2018,0.8331,0.272,0.728,0.0,62
"RT @BBCBodyPositive: What's the secret to a healthy relationship ü§îüíô? 

Two of our faves, @theslumflower and #EmilyBador, spill the tea on w‚Ä¶",Thu Nov 22 17:54:18 +0000 2018,0.4019,0.119,0.881,0.0,63
üíò How salt met pepper... https://t.co/SUJQCYQhad,Thu Nov 22 17:04:06 +0000 2018,0.0,0.0,1.0,0.0,64
"üíç Singapore's famous urban otters have delighted two British otter fans by photobombing their marriage proposal.
üëâ‚Ä¶ https://t.co/tNHz0E8i7N",Thu Nov 22 14:02:04 +0000 2018,0.5106,0.163,0.837,0.0,65
"RT @BBCSport: We've got a very special musical line-up for #SPOTY 2018

ü§© @Palomafaith
ü§© @Lightning_Seeds
ü§© @FreyaRidings
ü§© @george_ezra

T‚Ä¶",Thu Nov 22 13:14:31 +0000 2018,0.4576,0.136,0.864,0.0,66
The pie that's *almost* too pretty to eat.  https://t.co/4DdV4oQlDj,Thu Nov 22 12:03:04 +0000 2018,0.4939,0.286,0.714,0.0,67
"RT @bbcsesh: Depression doesn't discriminate. Let's have each other's back üí™
@evrah_rose https://t.co/QAPZWxDQaV",Thu Nov 22 12:01:07 +0000 2018,-0.5719,0.0,0.778,0.222,68
RT @BBCWatchdog: It's an industry worth nearly ¬£3bn but it is almost entirely unregulated! @Rylan looks into the world of cosmetic procedur‚Ä¶,Thu Nov 22 11:56:36 +0000 2018,0.1882,0.077,0.923,0.0,69
"RT @BBC6Music: One more sleep until #TShirtDay.

It couldn‚Äôt be simpler to get involved:

üëï Wear a T-Shirt by any act
üì∏ Tweet us a photo wi‚Ä¶",Thu Nov 22 10:05:21 +0000 2018,0.0,0.0,1.0,0.0,70
RT @bbcwritersroom: We caught up with @LukeJennings1 the #writer of the #KillingEve novels to find out about seeing his work adapted for th‚Ä¶,Thu Nov 22 09:57:07 +0000 2018,0.0,0.0,1.0,0.0,71
üè•üêò India's first hospital for elephants has just opened it's doors. https://t.co/KDNbRnk4BS,Thu Nov 22 09:00:03 +0000 2018,0.0,0.0,1.0,0.0,72
Images like that of a polar bear on a melting ice field are iconic. But in terms of getting people to act on climat‚Ä¶ https://t.co/wpkX9F21u6,Thu Nov 22 08:13:04 +0000 2018,0.1901,0.074,0.926,0.0,73
Einstein - but probably not the one you're thinking of... https://t.co/pm2AErsWh4,Thu Nov 22 07:15:02 +0000 2018,0.0,0.0,1.0,0.0,74
"At 17, rising star in British F4 Championship @BillyMonger lost both legs in a racing accident. But this didn‚Äôt sto‚Ä¶ https://t.co/HyCjojhdHe",Wed Nov 21 19:12:03 +0000 2018,-0.1901,0.086,0.751,0.163,75
This video of Sir David Attenborough narrating @Adele's 'Hello' feels appropriate for #WorldHelloDay. https://t.co/jOONTfLuM8,Wed Nov 21 18:30:56 +0000 2018,0.0,0.0,1.0,0.0,76
"A dead sperm whale that washed ashore in Indonesia had nearly 6kg of plastic waste in its stomach, including 115 dr‚Ä¶ https://t.co/JSSkky9ucw",Wed Nov 21 18:05:06 +0000 2018,-0.7964,0.0,0.728,0.272,77
"üòÜüöí This parrot's impression of a fire alarm is so good, it even had firefighters fooled.
(üîä on for this one) https://t.co/XYgMlBCbLS",Wed Nov 21 17:02:02 +0000 2018,-0.3197,0.179,0.562,0.26,78
"People who live in cold climates with less sunlight could be more likely to drink heavily, according to a study.
üëâ‚Ä¶ https://t.co/2ZfpN39wr3",Wed Nov 21 14:02:02 +0000 2018,0.0,0.0,1.0,0.0,79
"üì∫ A young David Attenborough discusses the beginning of regular colour TV in Britain.

#WorldTVDay‚Ä¶ https://t.co/vtnnsbxlq0",Wed Nov 21 13:05:01 +0000 2018,0.0,0.0,1.0,0.0,80
"RT @BBCOne: ""That was FAN.TAST.IC!"" - @CraigRevHorwood

Oh @theREALboyzone - you said you couldn't dance! You did #Strictly proud.

#CiN #C‚Ä¶",Fri Nov 16 21:15:15 +0000 2018,0.5696,0.17,0.83,0.0,81
"RT @BBCCiN: ""Evie told me she wanted to die. She wanted to give her heart to Feargus...to make Feargus better.""

This is Evie's story. 

Pl‚Ä¶",Fri Nov 16 21:01:47 +0000 2018,-0.5994,0.0,0.86,0.14,82
"RT @BBCOne: The Rickshaw Challenge has raised a massive ¬£4,322,839. Congratulations to everyone involved. üôå‚ù§Ô∏è 

#CiN @bbctheoneshow #Childr‚Ä¶",Fri Nov 16 21:01:02 +0000 2018,0.6369,0.257,0.743,0.0,83
"üòÇüßò Goes to yoga once...
#CiN #ChildrenInNeed https://t.co/cLfc4M0RLL",Fri Nov 16 20:56:46 +0000 2018,0.0,0.0,1.0,0.0,84
"RT @BBCCiN: Time for the first totaliser of the night...¬£14,361,881. An amazing start, thank you! ‚≠ê Watch live ‚û° https://t.co/hAaQKI4Ebb #C‚Ä¶",Fri Nov 16 20:41:18 +0000 2018,0.7644,0.248,0.752,0.0,85
Coming up... @theREALboyzone take to the ballroom with @BBCStrictly. Who'll take out the #Pudsey Glitterball Trophy‚Ä¶ https://t.co/7D04c4nF5G,Fri Nov 16 20:40:27 +0000 2018,0.0,0.0,1.0,0.0,86
"RT @BBCCiN: ""She's such a lovely person. She just wants to make my boys happy.""

This is Francesca's story.

To support amazing people like‚Ä¶",Fri Nov 16 20:27:21 +0000 2018,0.8834,0.34,0.66,0.0,87
"RT @BBCOne: How fab were the @BBCEastEnders cast in their Disney medley? ‚ù§Ô∏è

@BBCCiN #CiN #ChildrenInNeed https://t.co/h04oopZ70N",Fri Nov 16 20:18:21 +0000 2018,0.4588,0.15,0.85,0.0,88
"üíï When you and your bestie rock up in matching outfits without planning.

#CiN @BBCDoctorWho @BBCCiN https://t.co/2sP3EugCXh",Fri Nov 16 20:16:06 +0000 2018,0.0,0.0,1.0,0.0,89
"üôå A shining, shimmering, splendid performance from @BBCEastEnders!
#CiN https://t.co/Q3xvLj48EP",Fri Nov 16 20:10:46 +0000 2018,0.6239,0.313,0.687,0.0,90
üé¨üí´ Coming up... @MrDDyer and the cast of @BBCEastEnders spread some movie magic across Albert Square with a Disney‚Ä¶ https://t.co/ifavNIpopx,Fri Nov 16 19:55:02 +0000 2018,0.0,0.0,1.0,0.0,91
"RT @BBCCiN: ""I do get sad but Willow helps me. I feel not scared anymore.""

This is Sam's story, told by @LittleMix.

Please give what you‚Ä¶",Fri Nov 16 19:51:39 +0000 2018,0.8131,0.291,0.646,0.063,92
"SURPRISE!! üòØüéâ 
Watch Anna's tour of the @BBCDoctorWho set get kindly interrupted by the cast. üëÄ
#CiN https://t.co/SzRnKlWpN0",Fri Nov 16 19:44:25 +0000 2018,0.6616,0.278,0.63,0.092,93
"#CiN are ready to ROCK! ü§òüé∏ 
Tune into @BBCOne now. https://t.co/AY3xuy1oFj",Fri Nov 16 19:36:38 +0000 2018,0.4199,0.218,0.782,0.0,94
"RT @BBCCiN: 5 MINS. KETTLES ON.
PLACES PEOPLE!!

Watch live ‚û° https://t.co/hAaQKI4Ebb #CiN
@BBCOne &amp; @BBCiPlayer"" https://t.co/CznsjEHq8e",Fri Nov 16 19:25:47 +0000 2018,0.0,0.0,1.0,0.0,95
"RT @BBCCiN: ""@TheREALBoyzone are massive...buy they've never faced the @BBCStrictly ballroom""

#Strictly choreographer @mr_njones has the l‚Ä¶",Fri Nov 16 18:18:22 +0000 2018,0.0,0.0,1.0,0.0,96
"RT @BBCCiN: RT if you love the Pudsey emoji #CiN

RT if you like the Pudsey emoji #CiN

RT if you don't like it, just RT #CiN https://t.co/‚Ä¶",Fri Nov 16 18:07:18 +0000 2018,0.8481,0.269,0.731,0.0,97
RT @bbccomedy: This Christmas we are celebrating the 20th anniversary of Goodness Gracious Me. Click here to pick your favourite sketch: ht‚Ä¶,Fri Nov 16 17:47:18 +0000 2018,0.8834,0.352,0.648,0.0,98
"RT @bbcasiannetwork: It‚Äôs 20 years since @PanjabiMC1‚Äôs 'Legalised' was released!

Why is it ""the definitive sound of British Asian Music""?‚Ä¶",Fri Nov 16 17:30:27 +0000 2018,0.0,0.0,1.0,0.0,99
"Tonight's the night! 

‚ù§Ô∏èüêª Get your ears on and join us from 7.30pm on @BBCOne or @BBCiPlayer.
#ChildrenInNeed #CiN https://t.co/5QsVaKFpwD",Fri Nov 16 17:07:05 +0000 2018,0.3595,0.116,0.884,0.0,100
You've been getting ready for this all week. The CBS Tuesday night lineup starts now. https://t.co/AvK8sZQQnY,Wed Dec 05 01:00:00 +0000 2018,0.3612,0.143,0.857,0.0,1
"The holidays are a time for deer friends, which is why you can stream Robbie the Reindeer's ""Hooves of Fire"" and ""L‚Ä¶ https://t.co/3KtQN3goMp",Tue Dec 04 23:37:49 +0000 2018,0.5106,0.21,0.701,0.089,2
"Oh, hey. The CBS Monday night lineup starts now. https://t.co/I035PnKLII",Tue Dec 04 01:00:00 +0000 2018,0.0,0.0,1.0,0.0,3
".@llcoolj will host #Home4Holidays - The 20th Anniversary, our annual holiday special raising awareness of adoption‚Ä¶ https://t.co/qHSB5Xf9CP",Mon Dec 03 20:50:32 +0000 2018,0.6597,0.278,0.722,0.0,4
"RT @CBSAllAccess: Who's ready to see @JohnTheCho in #TheTwilightZone? üôã‚Äç‚ôÄÔ∏èüôã‚Äç‚ôÇÔ∏è Cho is joining @JacobTremblay and @Allison_Tolman in the ""Wu‚Ä¶",Mon Dec 03 19:36:44 +0000 2018,0.3612,0.122,0.878,0.0,5
"RT @CBSThisMorning: Only on @cbsthismorning, we'll announce nominees for the 61st #GRAMMY awards. We'll reveal the nominees in the top cate‚Ä¶",Mon Dec 03 18:44:59 +0000 2018,0.5859,0.202,0.798,0.0,6
"The thunder rolled into Notre Dame Stadium as @garthbrooks lit up the stage for 85,000 of his biggest fans. ‚ö°Ô∏è Watc‚Ä¶ https://t.co/L3lPPmyOyr",Mon Dec 03 18:00:00 +0000 2018,0.0,0.0,1.0,0.0,7
Thank you all for watching! Goodnight. ü§† #GARTHAtND https://t.co/mMiz2530vg,Mon Dec 03 02:59:00 +0000 2018,0.4199,0.218,0.782,0.0,8
RT @CoachHows112: #GarthatND is amazing!!!! I‚Äôm singing every song on my couch!,Mon Dec 03 02:44:14 +0000 2018,0.0,0.0,1.0,0.0,9
"RT @garthbrooks: You guys are treating the music like it‚Äôs timeless! Thank YOU!!! love, g #GARTHatND",Mon Dec 03 02:33:41 +0000 2018,0.8852,0.464,0.536,0.0,10
RT @BabyBoss87: Even watching on tv I get chills! #GARTHatND,Mon Dec 03 02:30:19 +0000 2018,0.0,0.0,1.0,0.0,11
RT @LungFroRRT: Watching the absolute best ever!! The legend!! #GARTHatND,Mon Dec 03 02:23:27 +0000 2018,0.7482,0.374,0.626,0.0,12
"RT @garthbrooks: My favorite time is when it just comes down to the song and 85,000 voices! #AnsweredPrayers!!! love, g #GARTHatND https://‚Ä¶",Mon Dec 03 02:11:47 +0000 2018,0.8544,0.306,0.694,0.0,13
@paulwhittington @garthbrooks üëèüëèüëèüëèüëè,Mon Dec 03 02:01:44 +0000 2018,0.0,0.0,1.0,0.0,14
@amandahynds629 @BobSeger @garthbrooks üôåüèº,Mon Dec 03 01:57:15 +0000 2018,0.0,0.0,1.0,0.0,15
Give it up for #GARTHAtND! What's been your favorite moment of the show so far? https://t.co/VUHHUL1sJc,Mon Dec 03 01:55:20 +0000 2018,0.5093,0.18,0.82,0.0,16
"RT @MasterMediaMind: To all performers, please take notes from @garthbrooks. This is how you entertain a crowd and put on a concert! üëèüèΩ‚ù§Ô∏èü§†#‚Ä¶",Mon Dec 03 01:44:59 +0000 2018,0.5983,0.205,0.795,0.0,17
"RT @garthbrooks: If YOU are watching the @NotreDame special with us, tweet me using #GARTHatND!!! If YOU were there, let‚Äôs see YOUR picture‚Ä¶",Mon Dec 03 01:28:12 +0000 2018,0.5538,0.14,0.86,0.0,18
"RT @garthbrooks: We‚Äôre still watching @60minutes where we‚Äôre at!! But,  as soon as #GARTHatND starts here, I will be tweeting with YOU!!! T‚Ä¶",Mon Dec 03 01:12:59 +0000 2018,0.0,0.0,1.0,0.0,19
RT @hamilton3889: I‚Äôve seen Garth live 3 times and I have goosebumps watching him perform on TV rn üòÖ so excited!! #GarthatND,Mon Dec 03 01:08:51 +0000 2018,0.7352,0.228,0.772,0.0,20
"Mark your calendars! Check out the time slots for new and returning comedies in 2019, including the premiere of‚Ä¶ https://t.co/ovV8t5Zrhc",Wed Nov 28 17:56:05 +0000 2018,0.4574,0.136,0.864,0.0,21
"RT @ManWithAPlan: Got any plans on Monday, Feb. 4 at 8:30/7:30c? Now you do! Man With A Plan returns for Season 3! https://t.co/ApaDIkEaO3",Wed Nov 28 17:53:34 +0000 2018,0.0,0.0,1.0,0.0,22
"RT @FamCBS: This is one birthday you don't want to forget: #Fam premieres Thursday, January 10 at 9:30/8:30c on @CBS and @CBSAllAccess! htt‚Ä¶",Wed Nov 28 17:38:19 +0000 2018,0.1867,0.081,0.868,0.051,23
"@AndySwift Clear eyes, full horns, can't lose.",Wed Nov 28 04:19:14 +0000 2018,0.5938,0.493,0.507,0.0,24
"It‚Äôs not the holidays without him. #Rudolph the Red-Nosed Reindeer returns to CBS tonight at 8pm/7c, only on CBS.‚Ä¶ https://t.co/XH6VPo7yrt",Tue Nov 27 21:00:00 +0000 2018,-0.2924,0.0,0.897,0.103,25
It's going to be a happy new year with all the new and returning reality programming premiering on CBS in 2019. Che‚Ä¶ https://t.co/whYBoAfEyn,Tue Nov 27 17:25:08 +0000 2018,0.5719,0.15,0.85,0.0,26
Less than ONE week until country superstar @garthbrooks hits the stage for #GarthAtND! https://t.co/jcbJ1Xhcaw,Mon Nov 26 23:30:00 +0000 2018,0.0,0.0,1.0,0.0,27
@TMFChrisHill Color us intrigued. Or claymation us intrigued. https://t.co/siU1ribSPI,Mon Nov 26 22:48:13 +0000 2018,0.0,0.0,1.0,0.0,28
Get on your feet for this exciting news. GRAMMY¬Æ Award-winning singer-songwriter and actress @GloriaEstefan is host‚Ä¶ https://t.co/OTkBa0ECXB,Mon Nov 26 19:49:21 +0000 2018,0.5789,0.19,0.81,0.0,29
LAST CHANCE to try 1 month of @CBSAllAccess for free. Use code: STREAMFREE https://t.co/q6yDZj5nGb https://t.co/xVhARlVRQP,Mon Nov 26 17:44:34 +0000 2018,0.7213,0.335,0.665,0.0,30
"Due to late #NFL game #CBS Sunday shows delayed ONLY in East/Central time zones. New Start Times:
#60Minutes 7:33pm‚Ä¶ https://t.co/iH09babk5N",Mon Nov 26 00:39:51 +0000 2018,-0.2263,0.0,0.909,0.091,31
We want to know how you play your reindeer games. Tell or show us how you‚Äôll watch holiday tradition #Rudolph the R‚Ä¶ https://t.co/yVMWLo5Hse,Sun Nov 25 17:00:01 +0000 2018,0.6597,0.242,0.758,0.0,32
"All the action of your local teams on the gridiron, in your living room. It's the NFL on CBS and @CBSAllAccess. üèàüì∫‚Ä¶ https://t.co/8n6gKrl6vy",Sun Nov 25 15:00:01 +0000 2018,0.0,0.0,1.0,0.0,33
"When the holidays have your head going in every direction, CBS is always here for you. Have a holly, jolly, bobbly‚Ä¶ https://t.co/WMxJkfDtfy",Sun Nov 25 00:00:00 +0000 2018,0.7096,0.237,0.763,0.0,34
"Sure, he sneaks down your chimney and leaves gifts under your tree every year, but what do you really know about hi‚Ä¶ https://t.co/PrSgbSpdlk",Sat Nov 24 20:00:00 +0000 2018,0.1655,0.07,0.93,0.0,35
"#RobbieTheReindeer returns to CBS with two animated specials ""Hooves of Fire"" and ""Legend of the Lost Tribe."" Featu‚Ä¶ https://t.co/93n3PdJUX9",Sat Nov 24 17:00:00 +0000 2018,-0.5719,0.0,0.783,0.217,36
"DVR ALERT for Viewers in select EAST/CENTRAL Time Zones, please note *possible* football delay for CBS shows on Sun‚Ä¶ https://t.co/cjVtGlZtzM",Sat Nov 24 00:33:07 +0000 2018,0.4466,0.213,0.693,0.094,37
Stream hit shows &amp; more when you try 1 month FREE of @CBSAllAccess this Black Friday. Use code STREAMFREE.‚Ä¶ https://t.co/smsX3i99tx,Fri Nov 23 23:00:00 +0000 2018,0.6166,0.183,0.817,0.0,38
"It‚Äôs that magical time of year when Frosty comes back to life with two holiday specials, #FrostyTheSnowman and Fros‚Ä¶ https://t.co/v8W2h4dK5W",Fri Nov 23 17:00:01 +0000 2018,0.4019,0.124,0.876,0.0,39
"From all of us at CBS, we wish you and your loved ones a very happy Thanksgiving. https://t.co/OWZ6HpGV5h",Thu Nov 22 20:56:00 +0000 2018,0.8908,0.431,0.569,0.0,40
"A wave of congratulations to the cast and crew of @HawaiiFive0CBS on their 200th episode, airing tonight at 9/8c on‚Ä¶ https://t.co/Vjt2U1E23S",Fri Nov 09 21:42:33 +0000 2018,0.5994,0.17,0.83,0.0,41
Get excited. The CBS Thursday night lineup starts now. https://t.co/u2fDkZfNpO,Fri Nov 09 01:00:01 +0000 2018,0.34,0.211,0.789,0.0,42
"@PghLesbian24 @WillAndGraceNBC @bigbangtheory @TheGoodPlaceNBC @MomCBS No pain, no gain. üëç https://t.co/1x00Le9oI6",Fri Nov 09 00:24:16 +0000 2018,-0.5106,0.178,0.419,0.403,43
Unexpected. Provocative. Deceiving. #TellMeAStory is now streaming only on @CBSAllAccess: https://t.co/eMDuPnmOgz https://t.co/BGENm4Pon6,Thu Nov 08 23:07:15 +0000 2018,-0.34,0.0,0.821,0.179,44
The CBS Wednesday Night lineup starts now. https://t.co/6LxkrUy01Y,Thu Nov 08 01:00:00 +0000 2018,0.0,0.0,1.0,0.0,45
RT @CBSAllAccess: Guess who is officially fighting @TheGoodFight... Please join us in welcoming @MichaelSheen to #TheGoodFight Season 3 cas‚Ä¶,Wed Nov 07 22:43:45 +0000 2018,0.5994,0.31,0.586,0.105,46
".@CBSWatch really puts the ""ha"" in haute couture by dressing up the funny ladies of CBS. Check them out here:‚Ä¶ https://t.co/rJ0XQZPUug",Wed Nov 07 21:43:38 +0000 2018,0.4404,0.127,0.873,0.0,47
.@CBSEveningNews' coverage of the #Midterms2018 starts now. #ElectionDay https://t.co/IbWXtQ4uWL,Wed Nov 07 01:00:00 +0000 2018,0.0,0.0,1.0,0.0,48
RT @colbertlateshow: TONIGHT we're LIVE for #ElectionNight: @jheil and @alexwagner from @SHO_TheCircus are here. Plus we chat with @patriot‚Ä¶,Wed Nov 07 00:45:10 +0000 2018,0.0,0.0,1.0,0.0,49
"RT @CBSEveningNews: MORE: @SalvantoCBS explains how CBS News' Decision Desk will characterize races as results come in; a ""toss-up"" is a cl‚Ä¶",Tue Nov 06 23:51:37 +0000 2018,0.0,0.0,1.0,0.0,50
RT @CBSEveningNews: Continuous live coverage of the midterm elections begins on our streaming network CBSN at 5 p.m. ET and continues with‚Ä¶,Tue Nov 06 22:23:40 +0000 2018,0.0,0.0,1.0,0.0,51
"Watch all the #Midterms2018 #ElectionDay results, analysis, and updates LIVE tonight starting at 8pm ET/7pm CT on C‚Ä¶ https://t.co/ZyLHo3Mml4",Tue Nov 06 21:21:58 +0000 2018,0.0,0.0,1.0,0.0,52
"RT @MadamSecretary: You don't have to be #MadamSecretary to have a say in how the country is run. üá∫üá∏ Today is #ElectionDay, so be sure to d‚Ä¶",Tue Nov 06 19:22:23 +0000 2018,0.6573,0.177,0.823,0.0,53
RT @thegoodfight: Midterms matter. Don't let Diane down ‚Äî vote in your local elections today! #TheGoodFight üá∫üá∏ https://t.co/y4ENxXUfLU,Tue Nov 06 18:26:47 +0000 2018,0.4926,0.208,0.792,0.0,54
"RT @MurphyBrownCBS: Voting is no joke, so be sure to get out there today and make your voice heard! #ElectionDay #MurphyBrown üó≥‚òëÔ∏è https://t‚Ä¶",Tue Nov 06 17:46:55 +0000 2018,0.4349,0.186,0.733,0.081,55
Boop. The CBS Monday night lineup starts now. https://t.co/XBbuFbswWT,Tue Nov 06 01:00:00 +0000 2018,0.0,0.0,1.0,0.0,56
RT @MadamSecretary: You don't have to serve #MadamSecretary to have a voice in our government! üá∫üá∏ Take notes from @erichbergen and VOTE! ‚úîÔ∏è‚Ä¶,Mon Nov 05 21:53:41 +0000 2018,0.5242,0.133,0.867,0.0,57
"RT @colbertlateshow: Join us tomorrow night as we go LIVE with @Stephenathome and his guests @alexwagner, @jheil and @hasanminhaj at 11:35/‚Ä¶",Mon Nov 05 21:27:21 +0000 2018,0.296,0.099,0.901,0.0,58
@Deptony526 @garthbrooks It's tradition!üòä https://t.co/dTNs5GoYPd,Mon Nov 05 19:24:26 +0000 2018,0.0,0.0,1.0,0.0,59
There are so many ways to make the season bright with CBS Holiday Specials. Find out when your traditional favorite‚Ä¶ https://t.co/72Lb3dcg8B,Mon Nov 05 19:18:50 +0000 2018,0.6808,0.228,0.772,0.0,60
Time to march to the TV! #MichaelJacksonHalloween starts now on CBS and @cbsallaccess: https://t.co/izyMSOHp7l https://t.co/ZFIoRV0Rag,Sun Oct 21 00:00:00 +0000 2018,0.0,0.0,1.0,0.0,61
"It‚Äôs almost time for ""a thriller, thriller night!"" Here's how to watch #MichaelJacksonHalloween:‚Ä¶ https://t.co/GTzLrjCHEf",Sat Oct 20 16:00:00 +0000 2018,0.2714,0.205,0.795,0.0,62
"DVR ALERT for Viewers in EAST/CENTRAL Time Zones, please note *possible* football delay for CBS shows on Sunday eve‚Ä¶ https://t.co/6lTXMVb9Cd",Fri Oct 19 23:00:35 +0000 2018,0.4466,0.213,0.693,0.094,63
"BREAKING: CBS has given full-season orders to @GodFriendedMe, @MagnumPICBS and @TheNeighborhood for the 2018-2019 b‚Ä¶ https://t.co/919bxqm673",Fri Oct 19 22:01:22 +0000 2018,0.0,0.0,1.0,0.0,64
"You know and love him as Sheldon on the @bigbangtheory and this weekend, Jim Parsons is Hay Man on‚Ä¶ https://t.co/nQCCmOy4pf",Fri Oct 19 21:00:01 +0000 2018,0.6369,0.181,0.819,0.0,65
Take a peek into #MichaelJacksonHalloween before the special airs tomorrow at 8/7c! https://t.co/8v9He4sZUB,Fri Oct 19 18:00:02 +0000 2018,0.4574,0.214,0.786,0.0,66
RT @AmazingRaceCBS: Host of #AmazingRace @PhilKeoghan has a special #SpiritDay message to share. https://t.co/wsYGRtMZQg,Thu Oct 18 23:54:23 +0000 2018,0.5994,0.308,0.692,0.0,67
"RT @SEALTeamCBS: It‚Äôs okay to be who you are, no matter your background, race, religion, sexual orientation or gender identity! The cast of‚Ä¶",Thu Oct 18 23:51:35 +0000 2018,-0.126,0.129,0.785,0.086,68
RT @NCISLA: Join #NCISLA star @reneefsmith and stand against bullying for #SpiritDay. üíú https://t.co/RSQ1lrDW3p,Thu Oct 18 23:46:50 +0000 2018,-0.4019,0.115,0.681,0.204,69
"RT @GodFriendedMe: It‚Äôs okay to be who you are, no matter your background, race, religion, sexual orientation or gender identity! We, the c‚Ä¶",Thu Oct 18 23:41:02 +0000 2018,-0.126,0.129,0.785,0.086,70
"RT @LifeInPiecesCBS: It‚Äôs okay to be who you are, no matter your background, race, religion, sexual orientation or gender identity! The cas‚Ä¶",Thu Oct 18 23:27:03 +0000 2018,-0.126,0.134,0.776,0.09,71
"RT @NCIS_CBS: It‚Äôs okay to be who you are, no matter your background, race, religion, sexual orientation or gender identity! @BrianDietzen‚Ä¶",Thu Oct 18 22:56:59 +0000 2018,-0.126,0.14,0.766,0.094,72
"RT @FBICBS: It‚Äôs okay to be who you are, no matter your background, race, religion, sexual orientation or gender identity! The cast of #FBI‚Ä¶",Thu Oct 18 22:46:18 +0000 2018,-0.126,0.124,0.793,0.083,73
"RT @ManWithAPlan: It‚Äôs okay to be who you are, no matter your background, race, religion, sexual orientation or gender identity! We, the ca‚Ä¶",Thu Oct 18 22:26:39 +0000 2018,-0.126,0.129,0.785,0.086,74
"RT @TheNeighborhood: It‚Äôs okay to be who you are, no matter your background, race, religion, sexual orientation or gender identity! We, the‚Ä¶",Thu Oct 18 22:10:28 +0000 2018,-0.126,0.134,0.776,0.09,75
RT @colbertlateshow: We are proud to join @glaad for #SpiritDay to take a stand against bullying. #LSSC üíúüíúüíú https://t.co/BItV0My3sV,Thu Oct 18 21:47:07 +0000 2018,0.1027,0.219,0.62,0.161,76
"RT @instinctcbs: It‚Äôs okay to be who you are, no matter your background, race, religion, sexual orientation or gender identity! #Instinct p‚Ä¶",Thu Oct 18 21:35:45 +0000 2018,-0.126,0.134,0.776,0.09,77
"RT @MadamSecretary: It‚Äôs okay to be who you are, no matter your background, race, religion, sexual orientation or gender identity! The cast‚Ä¶",Thu Oct 18 20:57:54 +0000 2018,-0.126,0.134,0.776,0.09,78
"RT @MurphyBrownCBS: It‚Äôs okay to be who you are, no matter your background, race, religion, sexual orientation or gender identity! The cast‚Ä¶",Thu Oct 18 20:36:31 +0000 2018,-0.126,0.134,0.776,0.09,79
RT @letsmakeadeal: The #LMAD cast is rocking purple for #SpiritDay! Celebrate with them by replying with some üíúüíúüíú. https://t.co/kkSNlJDs9z,Thu Oct 18 19:58:51 +0000 2018,0.6114,0.182,0.818,0.0,80
"Now that @bigbangtheory is entering its last season, Kaley Cuoco admits to @latelateshow she's over the show's noto‚Ä¶ https://t.co/xvhlMWBhSX",Thu Sep 20 23:17:19 +0000 2018,0.296,0.109,0.891,0.0,81
RT @HawaiiFive0CBS: It‚Äôs the big Five-0! üéâ üåä #H50 premiered on this day in 1968! Celebrate 50 years of Hawaii Five-0 with every season of b‚Ä¶,Thu Sep 20 21:38:21 +0000 2018,0.7896,0.212,0.788,0.0,82
RT @JordanPeele: üì∫üåÄ https://t.co/CygbVi4JFC,Thu Sep 20 16:47:26 +0000 2018,0.0,0.0,1.0,0.0,83
The @latelateshow and @JKCorden will never be good enough for @henrygolding's crazy rich mom.‚Ä¶ https://t.co/xVmH5Iyfvs,Wed Sep 19 19:07:37 +0000 2018,-0.0531,0.176,0.588,0.236,84
RT @CBSThisMorning: Imagine receiving a digital friend request from someone claiming to be God. What would you do? The new @CBS drama @GodF‚Ä¶,Tue Sep 18 17:04:20 +0000 2018,0.6486,0.209,0.791,0.0,85
"RT @PriceIsRight: We're thrilled to be back with all new, fun, and exciting shows!!  We hope to give you another award winning season! HERE‚Ä¶",Mon Sep 17 22:01:52 +0000 2018,0.9642,0.527,0.473,0.0,86
RT @SalvationCBS: X marks the spot on the heart-stopping season finale of #SalvationCBS tonight at 9/8c on CBS &amp; CBS All Access: https://t.‚Ä¶,Mon Sep 17 21:41:20 +0000 2018,0.0,0.0,1.0,0.0,87
Waiting for tonight's @Elementary_CBS season finale like https://t.co/Ou8342vGT9,Mon Sep 17 19:18:37 +0000 2018,0.3612,0.263,0.737,0.0,88
"Due to an NFL overrun, the CBS Sunday lineup is delayed in the East/Central cities ONLY. New start times:‚Ä¶ https://t.co/IypoJ0l16P",Sun Sep 16 23:48:59 +0000 2018,-0.2263,0.0,0.909,0.091,89
RT @CBSAllAccess: Sundays were made for NFL on CBS. üèàüíØ Stream NFL on CBS All Access live today: https://t.co/vsod8jGE7N https://t.co/co2528‚Ä¶,Sun Sep 16 14:33:46 +0000 2018,0.0,0.0,1.0,0.0,90
"What happens when a PTA mom steals nearly $100,000 from her daughter's school? Don't miss the #PinkCollarCrimes sea‚Ä¶ https://t.co/Gjiy0pByaE",Sat Sep 15 16:00:01 +0000 2018,-0.4322,0.07,0.771,0.159,91
"RT @CBSAllAccess: No internet, no problem. You can now download and play your favorite shows on CBS All Access! üôå Learn how: https://t.co/y‚Ä¶",Fri Sep 14 18:22:59 +0000 2018,-0.2481,0.17,0.598,0.233,92
@PlaggemeyLee Mac's putting something together. üòâ https://t.co/6ww5HlV6Bx,Thu Sep 13 20:52:06 +0000 2018,0.0,0.0,1.0,0.0,93
This just in... https://t.co/QG3OYF6Rfv,Thu Sep 13 20:28:06 +0000 2018,0.0,0.0,1.0,0.0,94
RT @CBSAllAccess: Get excited! Stream original #MurphyBrown episodes for a limited time on CBS All Access before the @MurphyBrownCBS reviva‚Ä¶,Thu Sep 13 18:06:49 +0000 2018,0.4753,0.218,0.699,0.083,95
"This just in! The 54th #ACMawards will air LIVE from Las Vegas on Sunday, April 7, 2019 at 8/7c on CBS and‚Ä¶ https://t.co/Q9e7qxe26l",Mon Sep 10 17:06:16 +0000 2018,0.0,0.0,1.0,0.0,96
"Due to an NFL overrun, CBS is delayed 17 mins in the following markets: Kansas City, Miami, Tampa, NOLA, New York,‚Ä¶ https://t.co/9eXZ9mA1Xb",Sun Sep 09 23:36:09 +0000 2018,-0.2263,0.0,0.917,0.083,97
Are you ready for some football? üèà Stream your favorite NFL games LIVE on #CBSAllAccess today:‚Ä¶ https://t.co/eHt8guHoyv,Sun Sep 09 14:00:00 +0000 2018,0.6705,0.256,0.744,0.0,98
An unforgettable night of inspiring stories and performances highlighting the 10 years of impact #StandUpToCancer c‚Ä¶ https://t.co/8bp2XNKwfH,Sat Sep 08 16:20:43 +0000 2018,0.4215,0.149,0.851,0.0,99
The star-studded event is about to begin! Tune in now to watch #StandUpToCancer on CBS and @cbsallaccess. https://t.co/cD8TJuQBog,Sat Sep 08 00:00:00 +0000 2018,0.0,0.0,1.0,0.0,100
"Former Canadian PM Brian Mulroney: ""When George Bush was President of the United States of America, every single he‚Ä¶ https://t.co/lhtnPd31hv",Wed Dec 05 17:10:15 +0000 2018,0.4215,0.128,0.872,0.0,1
"RT @CNNnewsroom: Former Canadian Prime Minister Brian Mulroney: ‚ÄúI believe that it will be said that in the life of this country, the Unite‚Ä¶",Wed Dec 05 16:55:58 +0000 2018,0.0,0.0,1.0,0.0,2
"RT @CNNPolitics: A young George H.W. Bush once wrote to wife Barbara, ""I love you, precious, with all my heart and to know that you love me‚Ä¶",Wed Dec 05 16:51:07 +0000 2018,0.9201,0.345,0.655,0.0,3
"Presidential historian Jon Meacham on George H.W. Bush: ‚ÄúHis life code, as he said, was¬†tell the truth.¬†Don't blame‚Ä¶ https://t.co/QGcRK49KAv",Wed Dec 05 16:46:55 +0000 2018,0.3182,0.103,0.897,0.0,4
"RT @CNNPolitics: ‚ÄúAs Dana Carvey said, ‚ÄòThe key to a Bush 41 impersonation is a Mister Rogers trying to be John Wayne,‚Äô‚Äù presidential histo‚Ä¶",Wed Dec 05 16:42:03 +0000 2018,0.0,0.0,1.0,0.0,5
"RT @CNNnewsroom: Former President George W. Bush greets the current and former presidents and first ladies at the funeral for his father, f‚Ä¶",Wed Dec 05 16:18:00 +0000 2018,-0.2263,0.064,0.837,0.1,6
"The Bush family, including former President George W. Bush, arrives at the Washington National Cathedral for the¬†fu‚Ä¶ https://t.co/2VoMPeD6HV",Wed Dec 05 16:11:23 +0000 2018,0.0,0.0,1.0,0.0,7
"Pres. Trump and first lady Melania Trump, former Pres. Obama and first lady Michelle Obama, former Pres. Clinton an‚Ä¶ https://t.co/HAmIVC8FIW",Wed Dec 05 16:05:59 +0000 2018,0.0,0.0,1.0,0.0,8
President Trump and first lady Melania Trump arrive at the Washington National Cathedral for the¬†state funeral of f‚Ä¶ https://t.co/3nUFnuyLPr,Wed Dec 05 15:51:46 +0000 2018,-0.3612,0.0,0.884,0.116,9
Former President George H.W. Bush's funeral at Washington National Cathedral is set to begin at 11 a.m. ET. There w‚Ä¶ https://t.co/pK5rxRtsze,Wed Dec 05 15:42:28 +0000 2018,-0.3612,0.0,0.889,0.111,10
The casket of former Pres. George H.W. Bush is carried down the steps of the US Capitol. It will now be taken a sho‚Ä¶ https://t.co/E2nBbtQPDv,Wed Dec 05 15:32:12 +0000 2018,0.0,0.0,1.0,0.0,11
George H.W. Bush once asked if anyone would attend his memorial services https://t.co/ygIWwotKRt https://t.co/R4ps5mTy9K,Wed Dec 05 15:21:16 +0000 2018,0.0,0.0,1.0,0.0,12
Emails from top officials at the National Republican Congressional Committee were hacked during the 2018 midterm el‚Ä¶ https://t.co/8gIQCF9NQy,Wed Dec 05 15:18:43 +0000 2018,-0.2263,0.088,0.78,0.132,13
This 7-year-old has earned more than $22 million this year and was named Forbes' highest-paid YouTube star.‚Ä¶ https://t.co/EtmcRjUl1N,Wed Dec 05 15:10:00 +0000 2018,0.0,0.0,1.0,0.0,14
The 2018 Global Terrorism Index found that deaths resulting from terrorism decreased 27% worldwide last year -- but‚Ä¶ https://t.co/lMr3FfyZfL,Wed Dec 05 15:08:33 +0000 2018,-0.8807,0.0,0.649,0.351,15
"President Trump ahead of George H.W. Bush's state funeral this morning: ""This is not a funeral, this is a day of ce‚Ä¶ https://t.co/lhXMmTlJgL",Wed Dec 05 15:00:07 +0000 2018,-0.6124,0.0,0.792,0.208,16
German car executives met with President Trump as his administration considers putting new tariffs on foreign vehic‚Ä¶ https://t.co/wywqrFsN3k,Wed Dec 05 14:56:31 +0000 2018,0.0,0.0,1.0,0.0,17
"Since bitcoin, the concept of blockchain has taken the world by storm. A New York start-up is now leveraging this t‚Ä¶ https://t.co/tRWTS2fc3k",Wed Dec 05 14:53:38 +0000 2018,0.0,0.0,1.0,0.0,18
"It's long been illegal to throw snowballs in Severance, Colorado. Dane Best, 9, thought the law was ""silly,"" so he‚Ä¶ https://t.co/VGM8utjMdU",Wed Dec 05 14:47:21 +0000 2018,0.1531,0.157,0.709,0.134,19
"CNN investigation prompts officials in Washington state, New York, Michigan and Georgia to ensure the preservation‚Ä¶ https://t.co/Elyke95z8J",Wed Dec 05 14:40:00 +0000 2018,0.3818,0.14,0.86,0.0,20
A small but poignant protest was held in Sydney Wednesday in which women -- and some men -- left work early to dema‚Ä¶ https://t.co/gWiOCjPR6D,Wed Dec 05 12:30:12 +0000 2018,-0.3612,0.0,0.898,0.102,21
Meet the engineer behind NASA's robotic arm for Mars https://t.co/RIzH8eyEeo https://t.co/RvEduaq9YR,Wed Dec 05 12:20:05 +0000 2018,0.0,0.0,1.0,0.0,22
"Chris Watts, the man who killed his pregnant wife and two children, has been transferred to a prison outside of Col‚Ä¶ https://t.co/xK4oySmZex",Wed Dec 05 12:10:06 +0000 2018,-0.8316,0.0,0.709,0.291,23
The man at the center of an election fraud investigation in a North Carolina congressional race turned in nearly ha‚Ä¶ https://t.co/LZcfzUzXxf,Wed Dec 05 12:00:39 +0000 2018,-0.5859,0.0,0.833,0.167,24
The hopeful signs of progress on peace with North Korea | By S. Nathan Park via @CNNOpinion https://t.co/ozOUpYhVp5 https://t.co/Qo6lOu5BPI,Wed Dec 05 11:58:59 +0000 2018,0.8625,0.39,0.61,0.0,25
"5 things for Wednesday:

- Mueller investigation
- Stocks
- Jamal Khashoggi 
- Somalia
- NYPD drones‚Ä¶ https://t.co/I2hMMEqLdQ",Wed Dec 05 11:50:04 +0000 2018,0.0,0.0,1.0,0.0,26
President Donald Trump retweeted a conservative activist who claimed that protesters on the streets of Paris are ch‚Ä¶ https://t.co/nZ7vPjmaJQ,Wed Dec 05 11:39:28 +0000 2018,-0.2263,0.0,0.899,0.101,27
Special counsel Robert Mueller told a federal court Tuesday that former Trump national security adviser Michael Fly‚Ä¶ https://t.co/7vGebu4qr2,Wed Dec 05 11:37:25 +0000 2018,0.6249,0.254,0.746,0.0,28
"The family of Carla Stefaniak, a US citizen reported missing while on vacation in Costa Rica, has confirmed that a‚Ä¶ https://t.co/y8vXtbgZiC",Wed Dec 05 11:30:09 +0000 2018,-0.296,0.0,0.896,0.104,29
From facial Pilates to full-body scrubs: An intro to K-beauty in Seoul https://t.co/Y4QOa8RPaW https://t.co/M3IHHGGimZ,Wed Dec 05 11:27:00 +0000 2018,0.0,0.0,1.0,0.0,30
This two-year-old needs some of the rarest blood in the world to survive https://t.co/TxgfpZwFen https://t.co/Pi98CwCugX,Wed Dec 05 11:20:05 +0000 2018,0.0,0.0,1.0,0.0,31
PETA says phrases like 'bring home the bacon' are comparable to racism and homophobia https://t.co/98kb8lxfat https://t.co/Tx272kug7m,Wed Dec 05 11:13:55 +0000 2018,-0.3818,0.121,0.68,0.199,32
National security adviser John Bolton says President Trump believes he should hold a second summit with Kim Jong Un‚Ä¶ https://t.co/u2GBO4PUaE,Wed Dec 05 11:06:21 +0000 2018,0.34,0.118,0.882,0.0,33
"The New York Times says it has reviewed a draft report of lawyers' findings about ousted CBS CEO Les Moonves, which‚Ä¶ https://t.co/urz6BvjvMs",Wed Dec 05 10:57:39 +0000 2018,0.0,0.0,1.0,0.0,34
Squirrel monkeys that were once in a nicotine addiction study by the US Food and Drug Administration have arrived a‚Ä¶ https://t.co/Ly8tDqvjfc,Wed Dec 05 10:49:06 +0000 2018,0.0,0.0,1.0,0.0,35
"Former NFL running back Kareem Hunt was accused of kicking a man at a nightclub in Kansas City, Missouri, in Januar‚Ä¶ https://t.co/9zghyNy8Qo",Wed Dec 05 10:40:32 +0000 2018,-0.296,0.0,0.896,0.104,36
Real or fake Christmas trees: Which is better for the environment? https://t.co/QWRNfK1oCd https://t.co/0JERg36PfK,Wed Dec 05 10:38:00 +0000 2018,-0.0516,0.171,0.647,0.182,37
Michelle Obama says Queen Elizabeth II told her that royal protocol is 'rubbish' https://t.co/OlXnXuhkzw https://t.co/UOXUMIsuxp,Wed Dec 05 10:31:54 +0000 2018,0.0,0.0,1.0,0.0,38
Australia wants to give government agencies the power to access encrypted messages on WhatsApp and iMessage https://t.co/4MuSZ0inPF,Wed Dec 05 10:26:46 +0000 2018,0.0,0.0,1.0,0.0,39
"This hotel spends an estimated $130,000 on gold leaf every year https://t.co/Mb0bilC7nl https://t.co/OpPnrh7NPZ",Wed Dec 05 10:22:00 +0000 2018,0.0,0.0,1.0,0.0,40
"The New York Times says it has reviewed a draft report of lawyers' findings about ousted CBS CEO Les Moonves, which‚Ä¶ https://t.co/XIX3K6yodQ",Wed Dec 05 04:56:08 +0000 2018,0.0,0.0,1.0,0.0,41
"Grab, the most popular ride-hailing app in Southeast Asia, will end 2018 with $3 billion in new funds as it seeks t‚Ä¶ https://t.co/m4bJErEsy7",Wed Dec 05 04:46:03 +0000 2018,0.4754,0.123,0.877,0.0,42
"President Trump, who declared over the weekend that he'd struck ""an incredible deal"" on trade with China, instead s‚Ä¶ https://t.co/lEdIKf79bk",Wed Dec 05 04:31:05 +0000 2018,-0.25,0.0,0.905,0.095,43
"A New York screening of the Lifetime documentary ""Surviving R. Kelly"" was evacuated due to threats, attendees said https://t.co/CXXRoogzJ2",Wed Dec 05 04:16:06 +0000 2018,-0.1531,0.105,0.762,0.133,44
"One in five women report they are often the only woman, or one of the only women, in the room at work, according to‚Ä¶ https://t.co/AN4UpqQn8V",Wed Dec 05 04:14:32 +0000 2018,0.0,0.0,1.0,0.0,45
RT @CNNTonight: Special counsel Robert Mueller says former Trump national security adviser Michael Flynn's early cooperation in Russia inve‚Ä¶,Wed Dec 05 04:09:32 +0000 2018,0.6249,0.231,0.769,0.0,46
The man at the center of an election fraud investigation in a North Carolina congressional race turned in nearly ha‚Ä¶ https://t.co/ynOJRTaKCK,Wed Dec 05 04:01:05 +0000 2018,-0.5859,0.0,0.833,0.167,47
"Party season is upon us -- and while socializing with your co-workers may not be its highlight, here's why you shou‚Ä¶ https://t.co/EQQQRFwqBg",Wed Dec 05 03:57:18 +0000 2018,0.169,0.109,0.809,0.082,48
Police in Cleveland didn't see surveillance video that appears to show former Kansas City Chiefs running back Karee‚Ä¶ https://t.co/lcZ1fUzDJn,Wed Dec 05 03:56:05 +0000 2018,0.0,0.0,1.0,0.0,49
Comedian Kevin Hart announced that he's been selected to host the 2019 Academy Awards for the first time‚Ä¶ https://t.co/jv69QFZJFJ,Wed Dec 05 03:52:45 +0000 2018,0.6808,0.248,0.752,0.0,50
Four men connected to the Panama Papers investigation have been indicted for their roles in allegedly defrauding th‚Ä¶ https://t.co/AFm7GyJe6f,Wed Dec 05 03:51:06 +0000 2018,0.0,0.0,1.0,0.0,51
"In recent weeks, Homeland Security Secretary Kirstjen Nielsen has managed to build a rapport with President Trump o‚Ä¶ https://t.co/sJ0XWlsswg",Wed Dec 05 03:49:04 +0000 2018,0.34,0.124,0.876,0.0,52
"""In two short months, we're going to have a real idea of who is actually serious about running for president in 202‚Ä¶ https://t.co/r3hrs3q91M",Wed Dec 05 03:46:05 +0000 2018,-0.0772,0.0,0.942,0.058,53
"Former ""America's Next Top Model"" contestant Jael Strauss has died after a battle with breast cancer, according to‚Ä¶ https://t.co/vVhpw5hdjL",Wed Dec 05 03:45:08 +0000 2018,-0.8689,0.068,0.53,0.402,54
"RT @CNNTonight: ""How he thought he could have these communications with the Russian ambassador and not be overheard has mystified me."" -For‚Ä¶",Wed Dec 05 03:41:29 +0000 2018,0.0,0.0,1.0,0.0,55
The top Democrat on the Senate Foreign Relations Committee said after a CIA briefing on murdered journalist Jamal K‚Ä¶ https://t.co/bzGLQrgG8n,Wed Dec 05 03:41:06 +0000 2018,-0.5574,0.078,0.733,0.19,56
"This mysterious oil tycoon had a $44 billion empire.

But earlier this year, he vanished -- and is reportedly being‚Ä¶ https://t.co/MOWa60Yd7b",Wed Dec 05 03:36:07 +0000 2018,0.0,0.0,1.0,0.0,57
"Cardi B could face jail time if she doesn't show up to a court hearing on Friday, in connection with her alleged in‚Ä¶ https://t.co/Tjt09ktT6B",Wed Dec 05 03:32:12 +0000 2018,0.0,0.0,1.0,0.0,58
President Trump meets with Defense Secretary James Mattis and Republican lawmakers amid fears of defense budget cut‚Ä¶ https://t.co/jXHQeP23pw,Wed Dec 05 03:27:48 +0000 2018,-0.2023,0.144,0.721,0.135,59
"RT @CuomoPrimeTime: ""You don't see this quantity of indictments, this many people admitting guilt, this many people making false statements‚Ä¶",Wed Dec 05 03:15:47 +0000 2018,-0.2732,0.0,0.9,0.1,60
"RT @CNNSitRoom: ""President Trump in previous occasions has inferred from the Fifth Amendment assertion that people have something to hide.‚Ä¶",Tue Dec 04 22:39:48 +0000 2018,0.0,0.0,1.0,0.0,61
"In an emotional scene, former US Sen. Bob Dole was helped out of his wheelchair and saluted the casket of former Pr‚Ä¶ https://t.co/WQV5OfHqDe",Tue Dec 04 22:38:25 +0000 2018,0.1531,0.068,0.932,0.0,62
Porsche just remade the 911 https://t.co/muw9Lc5nBE https://t.co/LNkXAOWCbC,Tue Dec 04 22:31:00 +0000 2018,0.0,0.0,1.0,0.0,63
"RT @CNNSitRoom: President Donald Trump‚Äôs confidante Roger Stone is rebuffing a request from Sen. @DianneFeinstein, the top Democrat on the‚Ä¶",Tue Dec 04 22:30:51 +0000 2018,0.2023,0.091,0.909,0.0,64
President Donald Trump's confidant Roger Stone is rebuffing a request from the top Democrat on the Senate Judiciary‚Ä¶ https://t.co/RuL0kAbMrs,Tue Dec 04 22:30:17 +0000 2018,0.2023,0.096,0.904,0.0,65
RT @CNNPolitics: The Trumps visit the Bushes at Blair House to pay their respects https://t.co/EeFOeKTuEL https://t.co/czVldm679U,Tue Dec 04 22:27:40 +0000 2018,0.2263,0.13,0.791,0.079,66
One big Wall Street firm thinks Amazon's plan to build up its air freight delivery service may be what really winds‚Ä¶ https://t.co/xGK6IZ8oOv,Tue Dec 04 22:21:03 +0000 2018,0.0,0.0,1.0,0.0,67
The big favor Michael Avenatti actually did for Democrats | Analysis by @CillizzaCNN https://t.co/Ab97rWXK5A https://t.co/DofrLNRUhL,Tue Dec 04 22:11:03 +0000 2018,0.4019,0.172,0.828,0.0,68
This 7-year-old has earned more than $22 million this year and was named Forbes' highest-paid YouTube star.‚Ä¶ https://t.co/AuF7HkKfog,Tue Dec 04 22:01:00 +0000 2018,0.0,0.0,1.0,0.0,69
Chris Emery was an usher inside the White House residence during George H.W. Bush‚Äôs presidency. Tonight on Full Cir‚Ä¶ https://t.co/ViC9jdX4Dg,Tue Dec 04 21:58:35 +0000 2018,0.0,0.0,1.0,0.0,70
"A group of members of the US Congress are calling on the Rwandan government to drop charges against Diane Rwigara,‚Ä¶ https://t.co/3WCzyWQyIy",Tue Dec 04 21:54:50 +0000 2018,-0.4939,0.0,0.811,0.189,71
"RT @CNNnewsroom: Rape kits destroyed: One chief apologizes to victims and vows reform.

(Warning: This report contains graphic descriptions‚Ä¶",Tue Dec 04 21:49:29 +0000 2018,-0.8271,0.09,0.542,0.368,72
North Carolina election probe exposes GOP hypocrisy | By Jill Filipovic via @CNNOpinion https://t.co/1QgEy2Zp9v https://t.co/xYaF5OnEDF,Tue Dec 04 21:48:52 +0000 2018,-0.128,0.0,0.897,0.103,73
"A race-track circuit, a massive field of rainbow-bright tulips, or a 5-story Christmas tree set to music. Find thes‚Ä¶ https://t.co/zBugx7NSW7",Tue Dec 04 21:41:01 +0000 2018,0.0,0.0,1.0,0.0,74
"RT @CNNnewsroom: ‚ÄúIf your father is Donald Trump, who cheated on every one of this three wives, including your mom...maybe talking about hu‚Ä¶",Tue Dec 04 21:31:09 +0000 2018,-0.5106,0.0,0.87,0.13,75
"RT @CNNBusiness: The Dow plunged 799 points, or 3.1%, on Tuesday. It was the Dow‚Äôs worst day since October 10, when it lost 832 points. The‚Ä¶",Tue Dec 04 21:27:20 +0000 2018,-0.7506,0.0,0.789,0.211,76
The Dow plunges 799 points and Nasdaq loses nearly 4% as Wall Street's enthusiasm for the US-China truce on trade v‚Ä¶ https://t.co/rL8pycfaQJ,Tue Dec 04 21:26:57 +0000 2018,0.1531,0.115,0.794,0.091,77
"Chanel has agreed to ban fur and exotic skins from its collections, saying it wants to maintain ethical standards a‚Ä¶ https://t.co/FxjycrnYnE",Tue Dec 04 21:24:07 +0000 2018,0.2023,0.2,0.667,0.133,78
Ohio State University head football coach Urban Meyer says he is calling it quits after the Rose Bowl because of he‚Ä¶ https://t.co/C4bbCMg6F2,Tue Dec 04 21:17:38 +0000 2018,0.0,0.0,1.0,0.0,79
"The ""Trump Effect"" is slowing down global climate action, and working against the ambition of the Paris Agreement,‚Ä¶ https://t.co/iq2AifFgAz",Tue Dec 04 21:10:16 +0000 2018,0.0,0.0,1.0,0.0,80
"A large sports complex that was being used to shelter more than 5,000 migrants in Tijuana has been closed ""due to h‚Ä¶ https://t.co/CuE4bPphqN",Tue Dec 04 08:09:43 +0000 2018,0.0,0.0,1.0,0.0,81
America may get its most intimate look yet inside Robert Mueller's secretive Russia investigation in the next four‚Ä¶ https://t.co/17EewbVzs5,Tue Dec 04 08:06:20 +0000 2018,0.0,0.0,1.0,0.0,82
"Rapper Meek Mill says he and many other formerly incarcerated people are ""trapped inside of a system that's extreme‚Ä¶ https://t.co/KEQntM65oa",Tue Dec 04 07:31:04 +0000 2018,-0.5267,0.0,0.841,0.159,83
"This hotel spends an estimated $130,000 on gold leaf every year https://t.co/80lZtqCCvd https://t.co/pCaXx3qRMU",Tue Dec 04 07:16:00 +0000 2018,0.0,0.0,1.0,0.0,84
"House Speaker Paul Ryan spoke of a photo he will always remember, showing George H.W. Bush holding his son Presiden‚Ä¶ https://t.co/CTyJ36JKnk",Tue Dec 04 07:01:07 +0000 2018,0.0,0.0,1.0,0.0,85
Atlanta's Hartsfield-Jackson International Airport and Delta Air Lines have opened the nation's first curb-to-gate‚Ä¶ https://t.co/k71AyaGInJ,Tue Dec 04 06:46:00 +0000 2018,0.0,0.0,1.0,0.0,86
"The death of the top admiral overseeing US naval forces in the Middle East last weekend was an apparent suicide, a‚Ä¶ https://t.co/nNYRpT6Tfm",Tue Dec 04 06:41:27 +0000 2018,-0.743,0.134,0.59,0.275,87
George H. W. Bush's service dog is among those mourning the former President. Here's a look at how a nonprofit call‚Ä¶ https://t.co/rEohpylKVs,Tue Dec 04 06:31:04 +0000 2018,-0.4404,0.0,0.868,0.132,88
"President Trump's son, Eric Trump, has accused conservative lawyer George Conway, husband to White House counselor‚Ä¶ https://t.co/pzHxbEkcZ0",Tue Dec 04 06:20:53 +0000 2018,-0.296,0.0,0.879,0.121,89
"Meet CIMON, the International Space Station's new AI-powered robot designed to handle various tasks and improve mor‚Ä¶ https://t.co/3eEJ0yQdO1",Tue Dec 04 06:16:00 +0000 2018,0.4404,0.146,0.854,0.0,90
The President of Ecuador spoke with Paul Manafort about his desire to remove Julian Assange from the Ecuadorian Emb‚Ä¶ https://t.co/GwlkQP7wFG,Tue Dec 04 06:15:03 +0000 2018,0.4019,0.124,0.876,0.0,91
Q&amp;A website Quora has warned that hackers have gained access to the personal data of as many as 100 million of its‚Ä¶ https://t.co/XDtikkr35A,Tue Dec 04 06:09:03 +0000 2018,0.128,0.101,0.817,0.082,92
"A figure hangs from a house, unable to reach a fallen ladder, in a scene that led to panicked 911 calls. One good S‚Ä¶ https://t.co/Vy9mXi8vPf",Tue Dec 04 06:01:05 +0000 2018,-0.3612,0.151,0.642,0.208,93
Nairobi national park is the only natural safari park that has a city scape as its background‚Ä¶ https://t.co/Wlgaj5cQeg,Tue Dec 04 05:46:00 +0000 2018,0.3612,0.135,0.865,0.0,94
"Luka Modric has won the 2018 Ballon d'Or, becoming the first player other than Lionel Messi and Cristiano Ronaldo t‚Ä¶ https://t.co/qJVf3sHQSm",Tue Dec 04 05:31:05 +0000 2018,0.5719,0.156,0.844,0.0,95
"Tencent Music is seeking as much as $1.2 billion from investors in its New York listing, which would make it the th‚Ä¶ https://t.co/ErqjUwjcKY",Tue Dec 04 05:18:26 +0000 2018,0.0,0.0,1.0,0.0,96
"From Blues to Pop to a music power couple, there's plenty of new Christmas music to make the season festive‚Ä¶ https://t.co/yw8nGBSXsc",Tue Dec 04 05:16:00 +0000 2018,0.0,0.0,1.0,0.0,97
"Nigeria's President Muhammadu Buhari has denied claims that he died and was replaced by a clone, calling the specul‚Ä¶ https://t.co/pNn0PmZyyL",Tue Dec 04 05:01:00 +0000 2018,-0.7579,0.0,0.723,0.277,98
"A classroom assistant served preschoolers Pine-Sol by mistake because they thought it was apple juice, the school's‚Ä¶ https://t.co/LqDqmuiXks",Tue Dec 04 04:46:04 +0000 2018,-0.34,0.0,0.87,0.13,99
Donald Trump has surrounded himself with liars | Analysis by @CillizzaCNN https://t.co/hGPIT3kwOl https://t.co/LMlnSas4rt,Tue Dec 04 04:31:05 +0000 2018,-0.5267,0.0,0.764,0.236,100
BREAKING: Federal appeals court rules against Trump administration on DACA https://t.co/KHnrNvEKAM,Thu Nov 08 19:18:44 +0000 2018,0.0,0.0,1.0,0.0,1
"Breaking News: Grand jury indicts captain of Missouri duck boat that sank in severe weather, killing 17 people https://t.co/ffOOgzRwdo",Thu Nov 08 17:02:25 +0000 2018,-0.6124,0.115,0.615,0.269,2
"JUST IN: Police identify gunman who opened fire inside California bar, killing 12 https://t.co/PvITYr54AX",Thu Nov 08 15:14:45 +0000 2018,-0.7783,0.0,0.638,0.362,3
JUST IN: Supreme Court Justice Ruth Bader Ginsburg fractures 3 ribs in fall https://t.co/9UM9hKTz4m,Thu Nov 08 14:22:51 +0000 2018,0.7906,0.389,0.611,0.0,4
"Sgt. Ron Helus was fatally shot when he responded to the mass shooting on Nov. 7 at a bar in Thousand Oaks, Califor‚Ä¶ https://t.co/vOH3OWPN5S",Thu Nov 08 13:43:25 +0000 2018,-0.6369,0.0,0.833,0.167,5
Tom Homan: ‚ÄúIt‚Äôs a tragedy each and every time.‚Äù https://t.co/dMV68Hfdz0 https://t.co/hrq51VJg7x,Thu Nov 08 13:35:03 +0000 2018,-0.6597,0.0,0.672,0.328,6
"People walk away from the scene in Thousand Oaks, Calif. where a gunman opened fire Wednesday.‚Ä¶ https://t.co/O3Oo2iLL8O",Thu Nov 08 13:22:27 +0000 2018,-0.34,0.0,0.862,0.138,7
Teylor Whittler describes what she witnessed at California bar shooting https://t.co/dMV68Hfdz0 https://t.co/YznTZgQoYY,Thu Nov 08 12:56:20 +0000 2018,0.0,0.0,1.0,0.0,8
"An FBI agent talks to a potential witness as they stand near the scene in Thousand Oaks, Calif. where a gunman open‚Ä¶ https://t.co/7QOmXNTYM0",Thu Nov 08 12:37:05 +0000 2018,0.0,0.0,1.0,0.0,9
Ventura County Fire Department Captain Stan Ziegler: ‚ÄúHundreds of first responders responded initially to the scene‚Ä¶ https://t.co/o4gArhmy4e,Thu Nov 08 12:25:14 +0000 2018,-0.34,0.0,0.87,0.13,10
"People comfort each other as they stand near the scene in Thousand Oaks, Calif. where a gunman opened fire during a‚Ä¶ https://t.co/wPI4XSpirC",Thu Nov 08 12:06:14 +0000 2018,0.0258,0.105,0.795,0.1,11
"California bar shooting leaves 12 dead, including sheriff's sergeant, police say https://t.co/dMV68Hfdz0 https://t.co/WvjarPpwPV",Thu Nov 08 11:54:22 +0000 2018,-0.6486,0.0,0.736,0.264,12
"California bar shooting leaves 12 dead, including sheriff's sergeant, police say https://t.co/GqI77wMuYZ",Thu Nov 08 11:38:17 +0000 2018,-0.6486,0.0,0.719,0.281,13
"Sheriff's deputies speak to potential witnesses as they stand near the scene in Thousand Oaks, Calif., where a gunm‚Ä¶ https://t.co/jPE8k9oQHr",Thu Nov 08 11:32:26 +0000 2018,0.0,0.0,1.0,0.0,14
13 dead in country music bar including gunman https://t.co/PvITYr54AX https://t.co/UURBIatqte,Thu Nov 08 11:26:46 +0000 2018,-0.6486,0.0,0.677,0.323,15
"12 dead in shooting at Thousand Oaks nightclub, police say https://t.co/PvITYr54AX https://t.co/o8Nf8WuJcZ",Thu Nov 08 11:18:08 +0000 2018,-0.6486,0.0,0.719,0.281,16
"Breaking News: At least 12 dead in shooting at Thousand Oaks nightclub, police say https://t.co/u6sVxdzHq5",Thu Nov 08 11:13:32 +0000 2018,-0.6486,0.0,0.765,0.235,17
.@CarleyShimkus is live with the ‚ÄòFox News Update‚Äô on Facebook Watch: https://t.co/hNrB8xzepH https://t.co/cQ9uxkjUIK,Thu Nov 08 11:12:14 +0000 2018,0.0,0.0,1.0,0.0,18
"Authorities deliver an update on the shooting in Thousand Oaks, California. (Courtesy: KABC) https://t.co/BtGxxIfNx5",Thu Nov 08 10:53:33 +0000 2018,0.0,0.0,1.0,0.0,19
Pastor Dimas Salaberrios on California shooting: ‚ÄúMy immediate thoughts go out to the families. Because what‚Äôs happ‚Ä¶ https://t.co/iowf5VOL2l,Thu Nov 08 10:36:12 +0000 2018,0.0,0.0,1.0,0.0,20
"Devotees lit earthen lamps in Ayodhya, India as part of Diwali celebrations, also known as a festival of lights, on‚Ä¶ https://t.co/uWGZnrkvqD",Thu Nov 08 07:51:00 +0000 2018,0.5719,0.207,0.793,0.0,21
".@TGowdySC on Jeff Sessions resigning: ""It was going to happen...He's been a proverbial dead man walking for severa‚Ä¶ https://t.co/ojKL4KMFTz",Thu Nov 08 07:41:00 +0000 2018,-0.7351,0.0,0.721,0.279,22
Mob chants threats outside @TuckerCarlson‚Äôs DC home https://t.co/IJE8m5gjWi,Thu Nov 08 07:31:00 +0000 2018,-0.4215,0.0,0.714,0.286,23
".@TuckerCarlson: ""Supporting marriage and children is the best, maybe the only way, for Republicans or any of us to‚Ä¶ https://t.co/fqPwC8XTaY",Thu Nov 08 07:21:00 +0000 2018,0.7964,0.283,0.717,0.0,24
.@KennedyNation: Dems in 2020 better without Nancy https://t.co/54vTCiffG4,Thu Nov 08 07:16:00 +0000 2018,0.4404,0.293,0.707,0.0,25
Battleground-state Dems who opposed Kavanaugh all defeated https://t.co/guqMSVjd74,Thu Nov 08 07:11:00 +0000 2018,-0.4767,0.0,0.693,0.307,26
".@Jim_Jordan on his run for House GOP leader: ‚ÄúWe have to match [@POTUS‚Äôs] intensity, that‚Äôs what I want to do. If‚Ä¶ https://t.co/2VOW1ykCsI",Thu Nov 08 07:01:00 +0000 2018,0.0772,0.061,0.939,0.0,27
.@senatemajldr: Dem Votes Against Kavanaugh Were a 'Godsend' to GOP in Midterms https://t.co/ietr8sP4EQ,Thu Nov 08 06:51:00 +0000 2018,0.0,0.0,1.0,0.0,28
.@marcthiessen: ‚ÄúThere‚Äôs lots of things that Democrats could take a stand on that they find inherently unacceptable‚Ä¶ https://t.co/c7UFDzFd60,Thu Nov 08 06:41:00 +0000 2018,0.0,0.0,1.0,0.0,29
".@DarrellIssa on the Mueller probe: ""Two years is a long time to look for a crime you can't prove.""‚Ä¶ https://t.co/plX9kxpSXy",Thu Nov 08 06:36:00 +0000 2018,-0.5423,0.0,0.829,0.171,30
"Second teen dies of gunshot wound after Oklahoma mom's rampage, authorities say https://t.co/VUQxsa3mq3",Thu Nov 08 06:31:00 +0000 2018,0.0,0.0,1.0,0.0,31
.@marcthiessen: ‚ÄúThe president today made very clear that he wants to cut deals with the Democrats. And quite frank‚Ä¶ https://t.co/MGVdJQVfUt,Thu Nov 08 06:21:00 +0000 2018,0.2006,0.126,0.783,0.091,32
"Florida Highway Patrol cruiser hits 142 mph in pursuit, catches on fire https://t.co/GqWKI45AAm",Thu Nov 08 06:11:00 +0000 2018,-0.34,0.0,0.833,0.167,33
Democratic strategist @LeslieMarshall: ‚ÄúWhat we need is not a wall ‚Äî and not a wall that we can‚Äôt afford ‚Äî but comp‚Ä¶ https://t.co/TzRWVJQeVv,Thu Nov 08 06:01:00 +0000 2018,0.0,0.0,1.0,0.0,34
"Sex offender gets 22 years after missing boy, 14, found in his room at halfway house, authorities say https://t.co/sDd0VQzob4",Thu Nov 08 05:51:00 +0000 2018,-0.5719,0.0,0.783,0.217,35
".@POTUS touts Senate gains, @LelandVittert breaks down the results @foxnewsnight https://t.co/VMzif8sgHH",Thu Nov 08 05:41:00 +0000 2018,0.3182,0.192,0.72,0.088,36
Former Kavanaugh colleague among group being considered to replace Sessions as AG: reports https://t.co/HxAlDZx2Mg,Thu Nov 08 05:31:00 +0000 2018,0.0,0.0,1.0,0.0,37
"Too close to call: Meticulous vote count transpiring in Arizona Senate race, @aacuna1 reports @foxnewsnight https://t.co/DV6EX4Ogxe",Thu Nov 08 05:26:00 +0000 2018,0.0,0.0,1.0,0.0,38
"Former SEAL Mocked by 'SNL' Wins TX House Seat, Calls for More Vets in Congress https://t.co/T0PAhopphH‚Ä¶ https://t.co/qhS5BVOE2U",Thu Nov 08 05:21:01 +0000 2018,0.6841,0.298,0.603,0.099,39
South Carolina voter told to remove 'Trump' shirt in order to vote: report https://t.co/xWY2EdSpDF,Thu Nov 08 05:11:00 +0000 2018,0.0,0.0,1.0,0.0,40
".@Jim_Jordan on his run for House GOP leader: ‚ÄúWe have to match [@POTUS‚Äôs] intensity, that‚Äôs what I want to do. If‚Ä¶ https://t.co/PDtB3OQCW6",Thu Nov 08 00:20:43 +0000 2018,0.0772,0.061,0.939,0.0,41
".@Jim_Jordan on Jeff Sessions' resignation: ""I think it was appropriate, the action that was taken today by [@POTUS‚Ä¶ https://t.co/oLG8pIW6Dr",Thu Nov 08 00:14:42 +0000 2018,-0.296,0.0,0.891,0.109,42
Attorney General Jeff Sessions resigns in the wake of midterm elections. @edhenry reports. #TheStory‚Ä¶ https://t.co/2FTTAq0LDF,Thu Nov 08 00:09:58 +0000 2018,-0.3182,0.0,0.859,0.141,43
".@MaraLiasson on #MIDTERMS2018: ""Overall I think that Democrats had a great night. They had to win the House back a‚Ä¶ https://t.co/GbOt3JC7tJ",Thu Nov 08 00:00:17 +0000 2018,0.836,0.317,0.683,0.0,44
".@marcthiessen on Sessions resigning at @POTUS' request: ""The president is learning from his mistakes. If he had do‚Ä¶ https://t.co/GLQoSVWA71",Wed Nov 07 23:54:03 +0000 2018,-0.5267,0.0,0.794,0.206,45
Staff Sgt. Kyle Snodgrass meets his son Griffin for the first time at MacDill Air Force Base in Florida on Tuesday.‚Ä¶ https://t.co/xsJf7Hg05h,Wed Nov 07 23:45:40 +0000 2018,0.0,0.0,1.0,0.0,46
California man charged with attempted kidnapping after hopping on bus full of schoolchildren https://t.co/ig6HOzFt3s,Wed Nov 07 23:36:32 +0000 2018,-0.2023,0.0,0.878,0.122,47
Jeff Sessions' departure leads to questions about Russia probe's future https://t.co/qDuCuO5fLX,Wed Nov 07 23:21:00 +0000 2018,0.0,0.0,1.0,0.0,48
".@TGowdySC on the Muller probe: ""I don't think anything is going to happen to Rod [Rosenstein] until after Mueller‚Ä¶ https://t.co/lknZ4bgSjE",Wed Nov 07 23:15:48 +0000 2018,0.0,0.0,1.0,0.0,49
".@TGowdySC on Jeff Sessions resigning: ""It was going to happen...He's been a proverbial dead man walking for severa‚Ä¶ https://t.co/99nfr9bJ8i",Wed Nov 07 23:11:33 +0000 2018,-0.7351,0.0,0.721,0.279,50
"Suspect in Trump Walk of Fame vandalism pleaded no contest, officials say https://t.co/UtqbFj28ev",Wed Nov 07 23:01:25 +0000 2018,-0.128,0.168,0.578,0.254,51
'The Justice Department Needs Stability': Starr Says He's 'Concerned' Following Sessions Resignation https://t.co/Ks0YmUjs0L,Wed Nov 07 22:55:12 +0000 2018,0.296,0.205,0.663,0.133,52
"During a post-Election Day press conference on Wednesday, House Minority Leader @NancyPelosi said House Democrats w‚Ä¶ https://t.co/FW7ObtOGmr",Wed Nov 07 22:42:15 +0000 2018,0.0,0.0,1.0,0.0,53
Former Attorney General Jeff Sessions departs the Justice Department hours after he resigned at President Trump's r‚Ä¶ https://t.co/6RXHsKWL84,Wed Nov 07 22:34:40 +0000 2018,0.34,0.159,0.748,0.093,54
Maxine Waters on continuing Trump finance probe: 'We will deal with that' https://t.co/F0d27WZM2k,Wed Nov 07 22:24:46 +0000 2018,0.0,0.0,1.0,0.0,55
"American flag mural at pizza shop vandalized, protested in small town https://t.co/cAcnfLtGuf",Wed Nov 07 22:19:07 +0000 2018,-0.128,0.0,0.88,0.12,56
RT @FoxBusiness: Florida sports gambling measure passes despite NFL's Dolphins plea to voters https://t.co/gVroP7eFOj,Wed Nov 07 22:11:58 +0000 2018,0.0,0.0,1.0,0.0,57
Democratic presidential hopefuls already jockeying for 2020 https://t.co/Naw7ySEuNB,Wed Nov 07 22:04:53 +0000 2018,0.0,0.0,1.0,0.0,58
"Mark Penn: Trump needs to be a UNIFIER now to succeed, move on to successful re-election https://t.co/tqjL4qFOB8",Wed Nov 07 21:59:57 +0000 2018,0.7906,0.333,0.667,0.0,59
".@DarrellIssa on the Mueller probe: ""Two years is a long time to look for a crime you can't prove."" @TeamCavuto‚Ä¶ https://t.co/B9SeAwibY0",Wed Nov 07 21:54:26 +0000 2018,-0.5423,0.0,0.837,0.163,60
.@senatemajldr: ‚ÄúIt is indeed a good morning for Senate Republicans.‚Äù https://t.co/NARYDkhqQw,Wed Nov 07 15:35:01 +0000 2018,0.4404,0.244,0.756,0.0,61
.@senatemajldr holds a news conference following #Midterms2018 https://t.co/fdej3Nq0lD,Wed Nov 07 15:33:48 +0000 2018,0.0,0.0,1.0,0.0,62
Lawyers for migrant caravan members give them stark advice: ‚ÄòIt‚Äôs going to be difficult‚Äô https://t.co/28LbFyxAu2,Wed Nov 07 15:30:00 +0000 2018,0.0,0.0,1.0,0.0,63
SOON: @senatemajldr to hold post-election news conference https://t.co/DAyQRgVE9O,Wed Nov 07 15:28:11 +0000 2018,0.0,0.0,1.0,0.0,64
.@RepJeffries reacts to #Midterms 2018 on @AmericaNewsroom https://t.co/zwqzSBgilk,Wed Nov 07 15:22:00 +0000 2018,0.0,0.0,1.0,0.0,65
.@HotlineJosh: ‚ÄúI think the results show you can‚Äôt have someone too far to the left. You have to find someone who c‚Ä¶ https://t.co/Vtja9Penrr,Wed Nov 07 15:15:00 +0000 2018,0.0,0.0,1.0,0.0,66
"Trump backs Pelosi for House speaker after Dems' midterm takeover, relishing looming rivalry (via @RyanGaydos) https://t.co/HmOwyfTTtl",Wed Nov 07 15:08:00 +0000 2018,0.2263,0.142,0.71,0.148,67
.@KellyannePolls reacts to the midterms on @foxandfriends https://t.co/vgsjTekOnB,Wed Nov 07 14:45:00 +0000 2018,0.0,0.0,1.0,0.0,68
Stock markets open following midterms @AmericaNewsroom https://t.co/bFOw88J6mY,Wed Nov 07 14:42:52 +0000 2018,0.0,0.0,1.0,0.0,69
Republicans win Missouri Senate race; @KristinFisher reports @AmericaNewsroom https://t.co/iSPHQoeCYR https://t.co/ALH7sVKcdN,Wed Nov 07 14:40:00 +0000 2018,0.5859,0.297,0.703,0.0,70
Midterm result is best-case scenario for investors (via @FoxBusiness) https://t.co/t7RD51Y4O4,Wed Nov 07 14:30:00 +0000 2018,0.0,0.0,1.0,0.0,71
".@MarshaBlackburn: ‚ÄúIf Nancy Pelosi really is interested in bipartisanship, my hope would be that she would work wi‚Ä¶ https://t.co/3tfrWdmapW",Wed Nov 07 14:25:00 +0000 2018,0.7076,0.257,0.743,0.0,72
Republican Ron DeSantis narrowly defeated Democrat Andrew Gillum in Florida's race for governor. Read more in today‚Ä¶ https://t.co/ES0n93uF39,Wed Nov 07 14:15:01 +0000 2018,-0.4767,0.0,0.846,0.154,73
"RT @FoxBusiness: 2018 midterm election: US enters 'longest business cycle' ever, analyst says https://t.co/0M5fucswbV",Wed Nov 07 14:13:49 +0000 2018,0.0,0.0,1.0,0.0,74
"RT @FoxNewsResearch: #Midterms2018 
- Female Firsts
‚Ä¢100+ women in the House
‚Ä¢TN: First female Senator (Blackburn)
‚Ä¢1st Muslim women electe‚Ä¶",Wed Nov 07 14:13:34 +0000 2018,0.0,0.0,1.0,0.0,75
.@MarshaBlackburn: ‚ÄúWe were committed to our message.‚Äù @foxandfriends https://t.co/iSPHQowenr https://t.co/j0JKPUeiWr,Wed Nov 07 14:05:00 +0000 2018,0.2732,0.189,0.811,0.0,76
Rare Ernest Hemingway letter documenting '500-pound Marlin' catch surfaces https://t.co/KOEnKCiFot,Wed Nov 07 14:00:02 +0000 2018,0.0,0.0,1.0,0.0,77
Oregon votes to keep sanctuary status @foxandfriends https://t.co/xwDzEu0qEP,Wed Nov 07 13:50:00 +0000 2018,0.0,0.0,1.0,0.0,78
"RT @FoxBusiness: Duncan Hines cake mixes recalled over Salmonella fears
https://t.co/2GWFEWSd8s",Wed Nov 07 13:43:50 +0000 2018,-0.4215,0.0,0.781,0.219,79
"RT @FoxBusiness: .@DanCrenshawTX: ""Immigration was still an enormous issue, especially border security so that'll be important for me."" htt‚Ä¶",Wed Nov 07 13:42:06 +0000 2018,0.5778,0.218,0.782,0.0,80
"Ed Rendell: Democrats, you've won the House -- Don't just investigate, legislate! https://t.co/vUxYcC3pWD",Wed Nov 07 04:27:19 +0000 2018,0.6114,0.25,0.75,0.0,81
Chris Wallace: Projected Senate Victories Show Democratic 2020 Field 'Shaping Up' https://t.co/e2D7fpXM9e,Wed Nov 07 04:23:00 +0000 2018,0.0,0.0,1.0,0.0,82
"Democrats retake control of House, Republicans hold Senate majority: Fox News projects. https://t.co/yE3M42mDpN
 https://t.co/SMCw5NyAm3",Wed Nov 07 04:22:59 +0000 2018,0.0,0.0,1.0,0.0,83
Trump 'Has a Lot to Be Proud Of': @LindseyGrahamSC Says GOP 'Had a Good Night in the Senate' https://t.co/RZNTDpPxWu,Wed Nov 07 04:18:04 +0000 2018,0.7184,0.286,0.714,0.0,84
Republican Congressman Ron DeSantis makes remarks after he was projected to defeat Democratic Tallahassee Mayor And‚Ä¶ https://t.co/xtAVggB2RK,Wed Nov 07 04:16:06 +0000 2018,-0.4588,0.0,0.842,0.158,85
Republican Ron DeSantis defeats Andrew Gillum in Florida gubernatorial race https://t.co/oL5qST1mv6,Wed Nov 07 04:15:08 +0000 2018,-0.3182,0.0,0.813,0.187,86
Fox News Decision Desk can project that Hawaii Democratic Governor David Ige will win a second term by defeating Re‚Ä¶ https://t.co/QpYXTvQbSK,Wed Nov 07 04:13:16 +0000 2018,0.296,0.156,0.738,0.107,87
JUST IN: Republican Josh Hawley projected to defeat Sen. Claire McCaskill in Missouri Senate race.‚Ä¶ https://t.co/otQUkqLdnA,Wed Nov 07 04:12:25 +0000 2018,-0.4588,0.0,0.833,0.167,88
Colorado elects first openly gay governor Jared Polis https://t.co/rBBXwx0omb,Wed Nov 07 04:11:38 +0000 2018,0.0,0.0,1.0,0.0,89
"The Fox News Decision Desk projects that Idaho Lieutenant Governor Brad Little, a Republican, will defeat Democrat‚Ä¶ https://t.co/yOnU2XwSyN",Wed Nov 07 04:09:24 +0000 2018,-0.4091,0.0,0.854,0.146,90
The Fox News Decision Desk projects that incumbent Washington state Democratic Senator Maria Cantwell will win a fo‚Ä¶ https://t.co/hdJE3JAG4x,Wed Nov 07 04:08:58 +0000 2018,0.5859,0.183,0.817,0.0,91
BREAKING: Republican Ron DeSantis defeats Democrat Andrew Gillum in Florida governor's race https://t.co/4yNg8n30sj https://t.co/1VireQQLPT,Wed Nov 07 04:07:13 +0000 2018,-0.3182,0.0,0.85,0.15,92
The Fox News Decision Desk projects that Hawaii Democratic Senator Mazie Hirono will win reelection by defeating Re‚Ä¶ https://t.co/Y3bt3pnSgI,Wed Nov 07 04:05:42 +0000 2018,0.296,0.162,0.726,0.111,93
BREAKING: Republican former Rep. Ron DeSantis defeated Democratic Tallahassee Mayor Andrew Gillum in Florida‚Äôs high‚Ä¶ https://t.co/Jh8x1gpSBt,Wed Nov 07 04:04:06 +0000 2018,-0.4767,0.0,0.829,0.171,94
Incumbent GOP Sen. Ted Cruz makes remarks after he was projected to hold onto his seat in Congress and defeat Democ‚Ä¶ https://t.co/xWJIHYZaS7,Wed Nov 07 04:03:52 +0000 2018,-0.4588,0.0,0.875,0.125,95
The Fox News Decision Desk projects that California Senator Dianne Feinstein will defeat Democratic state Senator K‚Ä¶ https://t.co/nx3YI228IN,Wed Nov 07 04:03:14 +0000 2018,-0.4588,0.0,0.85,0.15,96
The Fox News Decision Desk projects that Democratic California Lieutenant Governor Gavin Newsom will defeat Republi‚Ä¶ https://t.co/MXlr06uJdy,Wed Nov 07 04:02:36 +0000 2018,-0.4588,0.0,0.842,0.158,97
Republican Rep. Kevin Cramer makes remarks after he was projected to unseat one-term Democratic Sen. Heidi Heitkamp‚Ä¶ https://t.co/V3hML0tq2m,Wed Nov 07 04:02:13 +0000 2018,0.0,0.0,1.0,0.0,98
".@LindseyGrahamSC: ‚ÄúThe reason we won is, I think, Kavanaugh united our party.‚Äù https://t.co/vLvu9Z7Jvm https://t.co/y0JBYPUNOl",Wed Nov 07 03:59:24 +0000 2018,0.7579,0.371,0.629,0.0,99
.@LindseyGrahamSC: ‚ÄúWe had a good night in the Senate.‚Äù https://t.co/vLvu9Z7Jvm https://t.co/phv1d3A085,Wed Nov 07 03:50:50 +0000 2018,0.4404,0.244,0.756,0.0,100
"President Trump tried to ease concerns that his trade truce with China was already floundering, declaring in a seri‚Ä¶ https://t.co/qReLoYwyxt",Wed Dec 05 17:15:06 +0000 2018,0.3612,0.122,0.878,0.0,1
"President Bush's biographer Jon Meacham called him ""a lion who not only led us, but who loved us"" in his eulogy‚Ä¶ https://t.co/HuwOA46ihu",Wed Dec 05 17:10:37 +0000 2018,0.7469,0.203,0.797,0.0,2
"President Bush is being eulogized by those who knew him best, including his eldest son, former President George W.‚Ä¶ https://t.co/npmElCXjSZ",Wed Dec 05 17:00:29 +0000 2018,0.6369,0.181,0.819,0.0,3
Istanbul‚Äôs top prosecutor filed arrest warrants for 2 senior Saudi officials who are close to the Saudi crown princ‚Ä¶ https://t.co/sFqR6qBQGJ,Wed Dec 05 17:00:06 +0000 2018,-0.1531,0.085,0.802,0.113,4
"RT @peterbakernyt: ‚Äú ‚Ä¶ For Lincoln and Bush both called on us to choose the right over the convenient, to hope rather than to fear and to h‚Ä¶",Wed Dec 05 16:50:55 +0000 2018,-0.0772,0.096,0.797,0.106,5
"RT @peterbakernyt: Eulogist @jmeacham explains to Trump what Bush meant by 1,000 points of light: ""Abraham Lincoln‚Äôs better angels of our n‚Ä¶",Wed Dec 05 16:49:02 +0000 2018,0.4404,0.121,0.879,0.0,6
A woman who received a uterus transplanted from a deceased donor has given birth to a healthy child. It is the firs‚Ä¶ https://t.co/yVOFeopI6R,Wed Dec 05 16:45:07 +0000 2018,0.4019,0.13,0.87,0.0,7
"""Now here were are, as the system these leaders created is drifting into great jeopardy,"" said Philip D. Zelikow, w‚Ä¶ https://t.co/EGHeUVl098",Wed Dec 05 16:30:09 +0000 2018,0.7269,0.243,0.757,0.0,8
Republican lawmakers in Wisconsin pushed through a sweeping set of bills early Wednesday that will limit the power‚Ä¶ https://t.co/96nJJ6ooUJ,Wed Dec 05 16:15:05 +0000 2018,0.0,0.0,1.0,0.0,9
RT @peterbakernyt: The president and first lady are entering the cathedral led down the aisle to their seats where they are next to the Oba‚Ä¶,Wed Dec 05 16:13:06 +0000 2018,0.0,0.0,1.0,0.0,10
"Remembering the 41st president: Five U.S. presidents, world leaders and family are honoring George Bush at a state‚Ä¶ https://t.co/TH4gWXquHH",Wed Dec 05 15:58:07 +0000 2018,0.5106,0.163,0.837,0.0,11
"Breaking News: Facebook gave companies like Airbnb, Lyft and Netflix special access to user data, internal papers r‚Ä¶ https://t.co/c3ru6rba5Y",Wed Dec 05 15:51:21 +0000 2018,0.6369,0.234,0.766,0.0,12
"Stephen Colbert wants to know why Michael Cohen, President Trump's former lawyer, is such an open book all of a sud‚Ä¶ https://t.co/hN0uS6qdgr",Wed Dec 05 15:44:01 +0000 2018,0.0,0.0,1.0,0.0,13
"RT @nytimesbooks: Swastikas don‚Äôt appear until late in ""Berlin,"" Jason Lutes's graphic novel. He simply adorns the Nazi flags with white ci‚Ä¶",Wed Dec 05 15:29:06 +0000 2018,0.4215,0.16,0.84,0.0,14
"Are Netflix and ""Friends"" on a break? The answer is no ‚Äî for now. https://t.co/OjRfyk2MCm",Wed Dec 05 15:15:04 +0000 2018,-0.296,0.0,0.845,0.155,15
"RT @S_Evangelina: Two students sang about the KKK in their class with lyrics like ""kill all the blacks."" One student was so disturbed she s‚Ä¶",Wed Dec 05 15:11:52 +0000 2018,-0.7626,0.077,0.676,0.248,16
"""We do risk losing a whole generation if we don't help the children who find themselves in these emergency settings‚Ä¶ https://t.co/bLU69M4eHs",Wed Dec 05 15:00:18 +0000 2018,-0.8205,0.0,0.626,0.374,17
"The United States‚Äô 5 living presidents, dignitaries and leaders from throughout the world are gathering in Washingt‚Ä¶ https://t.co/sygy14svHH",Wed Dec 05 14:50:04 +0000 2018,0.5267,0.227,0.773,0.0,18
RT @MitchKSmith: The Republican-backed bills limiting the power of Wisconsin's incoming Democratic governor and attorney general have passe‚Ä¶,Wed Dec 05 14:46:54 +0000 2018,0.0,0.0,1.0,0.0,19
"RT @grynbaum: ‚ÄúIn the past 12 months, Mayor de Blasio has not met with the commissioners of the departments of buildings, parks, city plann‚Ä¶",Wed Dec 05 14:41:01 +0000 2018,0.0,0.0,1.0,0.0,20
"""Our Women have endured horrific Mental, Physical, and Sexual Abuse to play the sport they love for the country the‚Ä¶ https://t.co/u02ROqV2Ov",Wed Dec 05 10:31:02 +0000 2018,-0.4588,0.205,0.528,0.267,21
RT @MujMash: Even the longest of wars do end some day. So I kept going back to Sri Lanka to see what a scarred peace looks like after their‚Ä¶,Wed Dec 05 10:14:02 +0000 2018,0.34,0.179,0.714,0.107,22
"RT @MitchKSmith: It‚Äôs been 15 hours since Gov. Scott Walker lit the Christmas tree in the Wisconsin Capitol. Behind closed doors, Republica‚Ä¶",Wed Dec 05 10:04:38 +0000 2018,0.0,0.0,1.0,0.0,23
Michael Flynn helped substantially with Robert Mueller's investigation and should receive little to no prison time‚Ä¶ https://t.co/hkKDOWeIfA,Wed Dec 05 10:00:11 +0000 2018,-0.607,0.0,0.752,0.248,24
"Almost a decade after Sri Lanka's devastating civil war ended, depression and post-traumatic stress grips the popul‚Ä¶ https://t.co/ppujjIXjzF",Wed Dec 05 09:45:01 +0000 2018,-0.9403,0.0,0.469,0.531,25
"When George W. Bush gives the eulogy for his father on Wednesday, it will bring to a close an extraordinary relatio‚Ä¶ https://t.co/dTtavK1d7P",Wed Dec 05 09:30:09 +0000 2018,0.0,0.0,1.0,0.0,26
"Charlotte Prodger, a Glasgow-based artist who makes films using her iPhone, has won this year‚Äôs Turner Prize ‚Äî Brit‚Ä¶ https://t.co/8UXRdQZMD6",Wed Dec 05 09:15:07 +0000 2018,0.7906,0.304,0.696,0.0,27
"RT @MitchKSmith: 2:30 has come and gone, and Wisconsin lawmakers are yet to return to the Senate floor. Some of the most severe proposed cu‚Ä¶",Wed Dec 05 09:08:39 +0000 2018,-0.4391,0.0,0.892,0.108,28
Eritrea‚Äôs 20-year war with neighboring Ethiopia is finally over. A journalist with roots in both nations visited to‚Ä¶ https://t.co/jV3hZWFsDw,Wed Dec 05 09:00:13 +0000 2018,-0.5994,0.0,0.813,0.187,29
"Prime Minister Theresa May of Britain suffered a series of humiliating defeats in Parliament, the strongest sign ye‚Ä¶ https://t.co/pKU3hRJRV0",Wed Dec 05 08:45:07 +0000 2018,-0.5859,0.118,0.569,0.313,30
"In Opinion

Richard Revesz writes, ""Without the facts or law on its side, the Trump administration may have no choi‚Ä¶ https://t.co/1YALGXqZDW",Wed Dec 05 08:30:09 +0000 2018,-0.296,0.0,0.901,0.099,31
"‚ÄúShe brings excitement and pressure to me, but I like that,‚Äù Offset said about Cardi B. ‚ÄúShe‚Äôs No. 1, so every time‚Ä¶ https://t.co/tdfDkcZgpN",Wed Dec 05 08:23:06 +0000 2018,0.2382,0.193,0.649,0.159,32
"In a remote town of a few hundred people, a debate over an Indigenous massacre has divided neighbors https://t.co/nF9GMLTm1W",Wed Dec 05 08:15:02 +0000 2018,0.0,0.0,1.0,0.0,33
Someday the yellow vest that has become synonymous with the French protests will end up in a museum as one of the m‚Ä¶ https://t.co/CzKiiVzaNB,Wed Dec 05 08:00:03 +0000 2018,-0.2263,0.0,0.921,0.079,34
Gunmen in the remote Indonesian province of Papua have killed as many as 31 construction workers who were brought f‚Ä¶ https://t.co/kcsXXlAD0m,Wed Dec 05 07:45:06 +0000 2018,-0.6705,0.0,0.816,0.184,35
"A holiday food exchange in which strangers across the world swap edible gifts has kindled enduring friendships and,‚Ä¶ https://t.co/SSROCIvhrZ",Wed Dec 05 07:30:06 +0000 2018,0.6486,0.249,0.751,0.0,36
"RT @photojournalism: Moving piece on one doctor's mission to continue treat trauma in Sri Lanka, nearly ten years after the end of the civi‚Ä¶",Wed Dec 05 07:24:55 +0000 2018,-0.0258,0.098,0.8,0.102,37
A felon who escaped from a South Carolina prison and barged into a woman‚Äôs home was fatally shot by the homeowner https://t.co/bD3L29EyOE,Wed Dec 05 07:15:05 +0000 2018,-0.8176,0.0,0.694,0.306,38
Stocks around the world on Wednesday continued their tumble after President Trump posted a series of tweets warning‚Ä¶ https://t.co/V3MPJHP2b1,Wed Dec 05 07:06:03 +0000 2018,0.0,0.0,1.0,0.0,39
Experts warn that the world‚Äôs agricultural system will need drastic changes in the next few decades in order to fee‚Ä¶ https://t.co/z3OXxTxFVV,Wed Dec 05 06:58:59 +0000 2018,-0.1027,0.0,0.935,0.065,40
"RT @MitchKSmith: Debate resumes at the Wisconsin Senate. State Sen. Jon Erpenbach, a Democrat, said ‚Äúwe are here today to basically invalid‚Ä¶",Tue Dec 04 23:38:04 +0000 2018,0.0,0.0,1.0,0.0,41
"Charlotte Prodger, an artist who makes films using her iPhone, has won the Turner Prize, one of the art world's maj‚Ä¶ https://t.co/kPMLen4wNo",Tue Dec 04 23:32:04 +0000 2018,0.7906,0.259,0.741,0.0,42
"RT @abscribe: Honoring memories &amp; weaving folklore/family stories, from greats to grands, there's power in the front porch: In its simplici‚Ä¶",Tue Dec 04 23:17:03 +0000 2018,0.5106,0.142,0.858,0.0,43
"The European Union gave 15,000 young people a month of free Interrail travel this year, trying to get them to ""reco‚Ä¶ https://t.co/W9pLOi2FKE",Tue Dec 04 23:02:07 +0000 2018,0.5106,0.142,0.858,0.0,44
"Italy's highest court ruled that the Getty Villa outside Los Angeles must give Italy back its prized, 2000-year-old‚Ä¶ https://t.co/GFHMXYKF1h",Tue Dec 04 22:47:01 +0000 2018,0.5267,0.159,0.841,0.0,45
"Bleecker Street's big-name luxury labels have been replaced by young, digitally native brands, many of them run by‚Ä¶ https://t.co/0EGsvTaE5F",Tue Dec 04 22:30:15 +0000 2018,0.0,0.0,1.0,0.0,46
Our reporter @MitchKSmith is in Madison as Republican lawmakers in Wisconsin attempt to push through a series of bi‚Ä¶ https://t.co/JI4JbsrvnR,Tue Dec 04 22:24:02 +0000 2018,0.0,0.0,1.0,0.0,47
RT @dougmillsnyt: .@realDonaldTrump and First Lady Melania Trump are greeted by former president George W. Bush and Mrs. Bush as they arriv‚Ä¶,Tue Dec 04 22:17:03 +0000 2018,0.2732,0.091,0.909,0.0,48
"The Puritan tiger beetle may have ‚Äúa face only a mother could love.‚Äù But the species could face extinction, unless‚Ä¶ https://t.co/TvmsAfN7Bp",Tue Dec 04 22:02:04 +0000 2018,0.0,0.0,1.0,0.0,49
"RT @NYTNational: Activists did not see Bush as an ally in the fight against HIV, which became the leading cause of death for young men in t‚Ä¶",Tue Dec 04 21:49:51 +0000 2018,-0.7579,0.0,0.794,0.206,50
"In Florida, dolphins are washing up dead on the beach and sea birds are falling from the sky. But climate change de‚Ä¶ https://t.co/EngrZynuMU",Tue Dec 04 21:46:20 +0000 2018,-0.4497,0.0,0.842,0.158,51
"The Apollo Theater in Harlem plans to expand for the first time since 1934, building 2 new performance spaces https://t.co/sS2Lm3Gidi",Tue Dec 04 21:30:07 +0000 2018,0.3182,0.113,0.887,0.0,52
The recent success of candidates with varying degrees of baggage begs the question ‚Äî especially since President Tru‚Ä¶ https://t.co/6XrCq7faKi,Tue Dec 04 21:15:05 +0000 2018,0.5719,0.179,0.821,0.0,53
Breaking News: Stocks fell more than 3% as President Trump sowed confusion over a truce in the U.S.-China trade war‚Ä¶ https://t.co/lAvCJwka3z,Tue Dec 04 21:05:02 +0000 2018,-0.296,0.0,0.896,0.104,54
"This gruy√®re puff, basically a cheese-filled puffy pancake, makes an unexpected side dish to roasted meat or fish‚Ä¶ https://t.co/cmCpkXEOZV",Tue Dec 04 21:00:19 +0000 2018,0.0,0.0,1.0,0.0,55
"The campaign arm for House Republicans was hacked during the 2018 midterm campaign, a spokesman for the organizatio‚Ä¶ https://t.co/wHBSbLkDtQ",Tue Dec 04 20:53:22 +0000 2018,-0.4019,0.0,0.863,0.137,56
President Emmanuel Macron of France is facing the toughest crisis of his leadership after 3 weeks of violent protes‚Ä¶ https://t.co/j3CHyBOz16,Tue Dec 04 20:45:03 +0000 2018,-0.8519,0.0,0.632,0.368,57
RT @nytvideo: Unfair maneuver or a strong warning to would-be criminals? The latest @RetroReport examines the practice of parading the accu‚Ä¶,Tue Dec 04 20:30:07 +0000 2018,-0.7096,0.116,0.561,0.323,58
"Steve Bannon has met with a fugitive Chinese billionaire, Guo Wengui, dozens of times since October 2017 with the s‚Ä¶ https://t.co/yJLy4AZ0oG",Tue Dec 04 20:15:02 +0000 2018,0.0,0.0,1.0,0.0,59
RT @MitchKSmith: Among the signs ringing the Wisconsin rotunda as Gov. Walker listens to Christmas carols: ‚ÄúAll I want for Christmas is dem‚Ä¶,Tue Dec 04 20:07:02 +0000 2018,0.0772,0.058,0.942,0.0,60
French protesters say their purchasing power has dwindled so much that they have trouble making ends meet ‚Äî let alo‚Ä¶ https://t.co/Or4fYNmF1z,Tue Dec 04 08:00:08 +0000 2018,-0.5574,0.0,0.796,0.204,61
"In Opinion

Eric Tang and Viet Thanh Nguyen write, Vietnamese ""refugees came here because American forces fought a‚Ä¶ https://t.co/Pumo8PbZge",Tue Dec 04 07:45:03 +0000 2018,-0.3182,0.0,0.887,0.113,62
A team of astronomers has now measured the total amount of light that has ever been produced by all the stars in ou‚Ä¶ https://t.co/TgGuf937IQ,Tue Dec 04 07:30:11 +0000 2018,0.0,0.0,1.0,0.0,63
"President Rodrigo Duterte of the Philippines joked about using marijuana, but the punch line appeared lost on a nat‚Ä¶ https://t.co/qDPshpwdsj",Tue Dec 04 07:22:05 +0000 2018,-0.3182,0.076,0.787,0.137,64
RT @nytimesbusiness: India gave birth to a global call center industry. Now it's home to some of the industry's most lucrative scams. https‚Ä¶,Tue Dec 04 07:15:06 +0000 2018,-0.6222,0.0,0.837,0.163,65
"RT @nytimesworld: Just two days after taking office, Mexico's new president created a truth commission to re-examine the disappearance of 4‚Ä¶",Tue Dec 04 07:02:12 +0000 2018,0.5106,0.193,0.807,0.0,66
We traveled with a group of 18-year-olds on a coming-of-age adventure as they experienced a borderless Europe by ra‚Ä¶ https://t.co/dNtmSl0MYg,Tue Dec 04 07:00:13 +0000 2018,0.3182,0.126,0.874,0.0,67
"""In some ways,‚Äù said an editor of a book of essays about George Bush's presidency, ‚Äúthe Willie Horton ad is the 1.0‚Ä¶ https://t.co/rhabvbLUru",Tue Dec 04 06:52:01 +0000 2018,0.0,0.0,1.0,0.0,68
Quora users reacted to news of the security breach with surprise ‚Äî not that their account information may have been‚Ä¶ https://t.co/rpWFcYDtho,Tue Dec 04 06:45:08 +0000 2018,0.5423,0.2,0.8,0.0,69
"For the next 6 months at least, Australia will have the same prime minister. Maybe. https://t.co/c31U2C2PYf",Tue Dec 04 06:30:03 +0000 2018,0.0,0.0,1.0,0.0,70
Israel said it had begun a military operation to expose and thwart offensive tunnels it said Hezbollah had been bui‚Ä¶ https://t.co/DkDqYbGYFE,Tue Dec 04 06:22:04 +0000 2018,-0.5574,0.0,0.796,0.204,71
RT @BenWeiserNYT: Michael Cohen has told friends that he is mystified that he is taking the fall for actions he carried out on behalf of Do‚Ä¶,Tue Dec 04 06:17:05 +0000 2018,0.4767,0.11,0.89,0.0,72
"‚ÄúA lot of millennials don‚Äôt even own can openers,‚Äù said an executive about why consumption of tuna has declined. Th‚Ä¶ https://t.co/qCwZpnvOsv",Tue Dec 04 06:02:04 +0000 2018,0.0,0.0,1.0,0.0,73
"RT @nytopinion: Climate denial is where the essential elements of Trumpism - the conspiracy theorizing and menacing of critics - began, wri‚Ä¶",Tue Dec 04 05:47:04 +0000 2018,-0.6808,0.0,0.763,0.237,74
"After the deal was struck, several big areas of contention remained unresolved and President Trump appointed a vete‚Ä¶ https://t.co/tz87lJm6Yc",Tue Dec 04 05:32:04 +0000 2018,-0.25,0.0,0.895,0.105,75
Psychiatric advance directives allow patients with serious mental illness to specify the treatment they want if the‚Ä¶ https://t.co/ZFMFC7pAeO,Tue Dec 04 05:25:34 +0000 2018,-0.2023,0.151,0.66,0.189,76
Ada Hegerberg had just become the first woman to win the prestigious Ballon d‚ÄôOr soccer prize. Then she was asked i‚Ä¶ https://t.co/Agur5iYFqo,Tue Dec 04 05:17:05 +0000 2018,0.7964,0.262,0.738,0.0,77
"""Performances of this song have made participants uncomfortable and offended audience members,"" the president of a‚Ä¶ https://t.co/l1Db6f8TUe",Tue Dec 04 05:02:03 +0000 2018,-0.5574,0.0,0.765,0.235,78
"Last month, the mayor of Atlantic City was involved in a fight outside a casino. He was not charged. Now the FBI ha‚Ä¶ https://t.co/DJsZjtyrv6",Tue Dec 04 04:47:03 +0000 2018,-0.2519,0.066,0.827,0.107,79
"RT @SherylNYT: A time for memories, and to let bygones be bygones. Dick Cheney once cursed at Pat Leahy on the Senate floor. Paying respect‚Ä¶",Tue Dec 04 04:42:02 +0000 2018,-0.5106,0.0,0.875,0.125,80
"French Politicians and law enforcement officials said that the ""Yellow Vests"" protests were close to an ""insurrecti‚Ä¶ https://t.co/rgsyHAbG9L",Mon Dec 03 12:10:06 +0000 2018,-0.2263,0.0,0.899,0.101,81
He has made millions off of detained migrant children: Meet the nonprofit founder indispensable to the Trump admini‚Ä¶ https://t.co/8fmDUfHQ07,Mon Dec 03 12:00:08 +0000 2018,-0.4019,0.0,0.87,0.13,82
"RT @nytimesworld: The mayor of Matera, Italy, the 2019 Capital of Culture of the European Union, says he doesn't want tourists: ‚ÄúIt should‚Ä¶",Mon Dec 03 11:49:03 +0000 2018,-0.0572,0.0,0.947,0.053,83
RT @nytopinion: Estimates for the number of people displaced by dams in India since 1947 vary from 16 million to 40 million. If these proje‚Ä¶,Mon Dec 03 11:41:06 +0000 2018,0.0772,0.051,0.949,0.0,84
"The spirit of comity fostered by the shared mourning of George Bush will almost certainly dissipate within days, if‚Ä¶ https://t.co/739FZv6ON1",Mon Dec 03 11:30:04 +0000 2018,0.3197,0.247,0.637,0.116,85
The rapid rise and sudden fall of Tekashi 6ix9ine https://t.co/avuLtu9yhI,Mon Dec 03 11:14:04 +0000 2018,0.0,0.0,1.0,0.0,86
Morning¬†Briefing: Here's what you need to know to start your day https://t.co/isdeRGBtnZ,Mon Dec 03 11:02:05 +0000 2018,0.0,0.0,1.0,0.0,87
"RT @mikeives: ‚ÄúThis is highhanded and wrong, and we do not like it,‚Äù says a diabetes expert of Sri Lanka's move to water down a tax on suga‚Ä¶",Mon Dec 03 10:44:02 +0000 2018,-0.6381,0.0,0.822,0.178,88
The Trump administration has been lowering environmental hurdles for oil drilling in the Arctic National Wildlife R‚Ä¶ https://t.co/2OFaR3nKZD,Mon Dec 03 10:32:03 +0000 2018,-0.25,0.0,0.895,0.105,89
Right-wing parties won enough votes to oust the Socialists from power in Andalusia for the first time since Spain r‚Ä¶ https://t.co/Nsdh0cZWvj,Mon Dec 03 10:14:03 +0000 2018,0.7506,0.252,0.748,0.0,90
"Moviemaking blurs the distinction between reality and fantasy, and China's Hengdian World Studios arguably does tha‚Ä¶ https://t.co/MzKqkClc27",Mon Dec 03 10:00:06 +0000 2018,-0.25,0.0,0.889,0.111,91
"10 years after an international treaty banned cluster munitions, several financial institutions are slashing invest‚Ä¶ https://t.co/UwH7WEgLQ9",Mon Dec 03 09:45:02 +0000 2018,-0.6249,0.0,0.733,0.267,92
The director of the missionary group that John Allen Chau trained with cited his numerous vaccinations and self-imp‚Ä¶ https://t.co/EZuvXc7QcL,Mon Dec 03 09:30:10 +0000 2018,0.0,0.0,1.0,0.0,93
The biggest roadblock to your productivity is the smartphone on your desk https://t.co/h7qz87DNOw,Mon Dec 03 09:15:06 +0000 2018,0.0,0.0,1.0,0.0,94
"TikTok ‚Äî a quirky hybrid of Snapchat, Vine and ‚ÄúCarpool Karaoke‚Äù ‚Äî is a refreshing outlier in the social media univ‚Ä¶ https://t.co/hpXDHs5xQY",Mon Dec 03 09:00:04 +0000 2018,0.0,0.0,1.0,0.0,95
"Thomas J. J. Altizer was one of a handful of radical theologians in the 1960s who espoused that ‚ÄúGod is dead."" ‚ÄúWhi‚Ä¶ https://t.co/TGNBnuWp7l",Mon Dec 03 08:45:02 +0000 2018,0.0,0.0,1.0,0.0,96
"Qatar will withdraw from OPEC in January to focus on its gas industry, the country‚Äôs energy minister said. The nati‚Ä¶ https://t.co/DAsbKUwqDt",Mon Dec 03 08:38:09 +0000 2018,0.2732,0.095,0.905,0.0,97
"A North Korean soldier defected to South Korea on Saturday, fleeing across the countries‚Äô heavily armed land border https://t.co/nl1lVH863v",Mon Dec 03 08:30:01 +0000 2018,-0.4019,0.0,0.863,0.137,98
"Many scientists in China say the drive to succeed is so strong that they adopt a ‚Äúdo first, debate later‚Äù approach https://t.co/O2rgQA9uGY",Mon Dec 03 08:15:07 +0000 2018,0.8173,0.321,0.679,0.0,99
A judge has refused a request by one of the nation‚Äôs largest theater owners to block San Francisco productions of ‚Äú‚Ä¶ https://t.co/CDPEMPoSdD,Mon Dec 03 08:00:12 +0000 2018,-0.6249,0.0,0.779,0.221,100
